qid,provision_id,domain,quality_tier,question_word_count,content_overlap,title_content_overlap,question
synth_cov_v3_a172d6e08c11,other_578_s109,other,coverage,61,0.0488,0.6667,পুরো পরিবার আমার আয়ের ওপর নির্ভরশীল। সমস্যাটি প্রায় দুই বছর ধরে চলছে। এর আগে কখনো এ ধরনের সমস্যায় পড়িনি। প্রায় তিন বছর ধরে একই সমস্যা চলে আসছে। ঘটনাটি ঘটেছে গত রমজান মাসে। বিষয়টি নিয়ে অনেক দিন ধরেই দুশ্চিন্তায় আছি। আমি খুব দুশ্চিন্তায় দিন কাটাচ্ছি। এখন পরিস্থিতি আরও খারাপের দিকে যাচ্ছে। সময় পেরিয়ে যাওয়া of legal proceedings নিয়ে আইনে কী বলা আছে?
synth_cov_v3_c7c0f1826579,money_recovery_46_s17,money_recovery,coverage,26,0.0588,0.5,কয়েকজন শুভাকাঙ্ক্ষী বলছেন মামলা না করতে। এর আগে কখনো এ ধরনের সমস্যায় পড়িনি। আদালতে যাওয়ার মতো টাকাপয়সা আমার নেই। Ambiguous দলিলs ক্ষেত্রে আমার কী করা উচিত?
synth_cov_v3_c4301d88320a,other_706_s14,other,coverage,109,0.037,1.0,"বাবার মৃত্যুর পর পরিবারে সমস্যা দেখা দেয়। ঘটনাটি ঘটেছে গত রমজান মাসে। এর আগে কখনো এ ধরনের সমস্যায় পড়িনি। আদালতে যাওয়ার মতো টাকাপয়সা আমার নেই। আমার পক্ষে বারবার শহরে যাওয়া কঠিন। একজন পরিচিত মানুষ বলেছিলেন আইনি পথে যেতে, কিন্তু আমি ভয় পাচ্ছি। কয়েকজন শুভাকাঙ্ক্ষী বলছেন মামলা না করতে। আমার পরিচিত একজন বলেছেন এতে নাকি অনেক সময় লাগে। গ্রামের মুরব্বিরা বসে একবার সালিস করেছিলেন, তাতেও সমাধান হয়নি। আত্মীয়স্বজনরা দুই পক্ষেই ভাগ হয়ে গেছেন। এখন পরিস্থিতি আরও খারাপের দিকে যাচ্ছে। কাগজপত্র সব ঠিকঠাক আছে কি না তা-ও নিশ্চিত নই। প্রায় তিন বছর ধরে একই সমস্যা চলে আসছে। পরিবারের চাপ রয়েছে দ্রুত একটা সিদ্ধান্ত নেওয়ার। ঘটনাটি গত বছরের। কোষাধ্যক্ষ বিষয়ে নিয়ম কী?"
synth_cov_v3_b8b1fb23b9ee,other_877_s8,other,coverage,89,0.1333,1.0,"এর আগে কখনো এ ধরনের সমস্যায় পড়িনি। আমি জানি না কোথা থেকে শুরু করব। আমি খুব দুশ্চিন্তায় দিন কাটাচ্ছি। কাগজপত্র সব ঠিকঠাক আছে কি না তা-ও নিশ্চিত নই। প্রায় তিন বছর ধরে একই সমস্যা চলে আসছে। আমার তেমন কোনো আর্থিক সামর্থ্য নেই। ঘটনাটি প্রায় ছয় মাস আগের। আমার পরিচিত একজন বলেছেন এতে নাকি অনেক সময় লাগে। আদালতে যাওয়ার মতো টাকাপয়সা আমার নেই। বিষয়টি স্থানীয়ভাবে মীমাংসার চেষ্টা করেছিলাম, কিন্তু কাজ হয়নি। কমিশনের বৈঠকে সদস্যগণের যোগদানের নিমিত্ত প্রাপ্য ভাতা সংক্রান্ত একটা সমস্যায় পড়েছি, কোথায় যাব? কী করা উচিত জানালে কৃতজ্ঞ থাকব।"
synth_cov_v3_9c5c94198e5f,other_1277_s17,other,coverage,62,0.0625,0.6667,"সংসারে আমিই একমাত্র উপার্জনক্ষম। আমার তেমন কোনো আর্থিক সামর্থ্য নেই। আমি জানি না কোথা থেকে শুরু করব। আশপাশের লোকজন নানা রকম পরামর্শ দিচ্ছে, কোনটা ঠিক বুঝতে পারছি না। ঘটনাটি প্রায় ছয় মাস আগের। গ্রামের মুরব্বিরা বসে একবার সালিস করেছিলেন, তাতেও সমাধান হয়নি। এলাকার একজন মেম্বারের সঙ্গে কথা বলেছিলাম। এর আগে কখনো এ ধরনের সমস্যায় পড়িনি। বিধি প্রণয়নের নিয়ে আইনে কী বলা আছে?"
synth_cov_v3_07885606e7f0,other_1204_s22,other,coverage,50,0.1351,1.0,"আমি চাই বিষয়টির একটা শান্তিপূর্ণ সমাধান হোক। এখন পরিস্থিতি আরও খারাপের দিকে যাচ্ছে। গ্রামের মুরব্বিরা বসে একবার সালিস করেছিলেন, তাতেও সমাধান হয়নি। শুরুতে বিষয়টিকে তেমন গুরুত্ব দিইনি। কাগজপত্র সব ঠিকঠাক আছে কি না তা-ও নিশ্চিত নই। এলাকার একজন মেম্বারের সঙ্গে কথা বলেছিলাম। এয়ার স্পেস নিয়ন্ত্রণ নিয়ে আইনে কী বলা আছে?"
synth_cov_v3_772385c3a555,other_32_s57,other,coverage,56,0.1,1.0,"দীর্ঘদিন বিদেশে ছিলাম, সম্প্রতি দেশে ফিরেছি। সমস্যাটি প্রায় দুই বছর ধরে চলছে। আমার পরিচিত একজন বলেছেন এতে নাকি অনেক সময় লাগে। বিষয়টি নিয়ে অনেক দিন ধরেই দুশ্চিন্তায় আছি। প্রায় তিন বছর ধরে একই সমস্যা চলে আসছে। আশপাশের লোকজন নানা রকম পরামর্শ দিচ্ছে, কোনটা ঠিক বুঝতে পারছি না। Every amount due deemed a demand বিষয়ে নিয়ম কী?"
synth_cov_v3_39ef25e1e6cf,other_1179_s27,other,coverage,106,0.087,0.8,"আমরা তিন ভাইবোন। আমি জানি না কোথা থেকে শুরু করব। আমি চাই বিষয়টির একটা শান্তিপূর্ণ সমাধান হোক। কয়েকজন শুভাকাঙ্ক্ষী বলছেন মামলা না করতে। বিষয়টি স্থানীয়ভাবে মীমাংসার চেষ্টা করেছিলাম, কিন্তু কাজ হয়নি। পরিবারের চাপ রয়েছে দ্রুত একটা সিদ্ধান্ত নেওয়ার। ঘটনাটি প্রায় ছয় মাস আগের। কাগজপত্র সব ঠিকঠাক আছে কি না তা-ও নিশ্চিত নই। আমি খুব দুশ্চিন্তায় দিন কাটাচ্ছি। আদালতে যাওয়ার মতো টাকাপয়সা আমার নেই। একজন পরিচিত মানুষ বলেছিলেন আইনি পথে যেতে, কিন্তু আমি ভয় পাচ্ছি। আমার তেমন কোনো আর্থিক সামর্থ্য নেই। কয়েক মাস ধরে বিষয়টি নিয়ে টানাপোড়েন চলছে। আমার পরিচিত একজন বলেছেন এতে নাকি অনেক সময় লাগে। কতিপয় ইমারত ও জলাশয়ের ক্ষেত্রে বিষয়ে কোন আইন প্রযোজ্য হবে?"
synth_cov_v3_467d422c9a03,constitutional_957_s53,constitutional,coverage,64,0.102,1.0,"বিষয়টি খুলে বলি। ঘটনাটি গত বছরের। এর আগে কখনো এ ধরনের সমস্যায় পড়িনি। ঘটনাটি ঘটেছে গত রমজান মাসে। বিষয়টি স্থানীয়ভাবে মীমাংসার চেষ্টা করেছিলাম, কিন্তু কাজ হয়নি। কয়েক মাস ধরে বিষয়টি নিয়ে টানাপোড়েন চলছে। আমার পক্ষে বারবার শহরে যাওয়া কঠিন। একজন পরিচিত মানুষ বলেছিলেন আইনি পথে যেতে, কিন্তু আমি ভয় পাচ্ছি। অসামর্থ্যের কারণে রাষ্ট্রপতির অপসারণ নিয়ে আইনে কী বলা আছে? একটু পরামর্শ দিলে ভালো হয়।"
synth_cov_v3_6f71fc2bcfe6,other_1016_s47,other,coverage,107,0.0494,1.0,"ঘটনাটি গত বছরের। প্রায় তিন বছর ধরে একই সমস্যা চলে আসছে। আমি জানি না কোথা থেকে শুরু করব। কাগজপত্র সব ঠিকঠাক আছে কি না তা-ও নিশ্চিত নই। গ্রামের মুরব্বিরা বসে একবার সালিস করেছিলেন, তাতেও সমাধান হয়নি। আত্মীয়স্বজনরা দুই পক্ষেই ভাগ হয়ে গেছেন। একজন পরিচিত মানুষ বলেছিলেন আইনি পথে যেতে, কিন্তু আমি ভয় পাচ্ছি। কার কাছে গেলে সঠিক পরামর্শ পাব বুঝতে পারছি না। আদালতে যাওয়ার মতো টাকাপয়সা আমার নেই। আমি চাই বিষয়টির একটা শান্তিপূর্ণ সমাধান হোক। আমার পক্ষে বারবার শহরে যাওয়া কঠিন। শুরুতে বিষয়টিকে তেমন গুরুত্ব দিইনি। বিষয়টি স্থানীয়ভাবে মীমাংসার চেষ্টা করেছিলাম, কিন্তু কাজ হয়নি। বিশ্ববিদ্যালয় বিধি প্রণয়ন নিয়ে আইনে কী বলা আছে? আমাকে একটু পথ বাতলে দিন।"
synth_cov_v3_0aa08135c776,other_1425_s8,other,coverage,19,0.25,1.0,একটি জরুরি বিষয়ে জানার ছিল। এর আগে কখনো এ ধরনের সমস্যায় পড়িনি। বিশ্ববিদ্যালয়ের কর্মচারী নিয়ে আইনে কী বলা আছে?
synth_cov_v3_d2f62ac8f68e,other_326_s102,other,coverage,78,0.037,1.0,"আমি একজন সরকারি চাকরিজীবী। প্রায় তিন বছর ধরে একই সমস্যা চলে আসছে। বিষয়টি স্থানীয়ভাবে মীমাংসার চেষ্টা করেছিলাম, কিন্তু কাজ হয়নি। কয়েক মাস ধরে বিষয়টি নিয়ে টানাপোড়েন চলছে। এর আগে কখনো এ ধরনের সমস্যায় পড়িনি। আমি চাই বিষয়টির একটা শান্তিপূর্ণ সমাধান হোক। আমার পক্ষে বারবার শহরে যাওয়া কঠিন। আমার পরিচিত একজন বলেছেন এতে নাকি অনেক সময় লাগে। একজন পরিচিত মানুষ বলেছিলেন আইনি পথে যেতে, কিন্তু আমি ভয় পাচ্ছি। আমি খুব দুশ্চিন্তায় দিন কাটাচ্ছি। Bar to suits বিষয়ে নিয়ম কী?"
synth_cov_v3_f05652d34991,other_130_s28,other,coverage,65,0.1304,0.75,"আমি একজন ছোট ব্যবসায়ী। কার কাছে গেলে সঠিক পরামর্শ পাব বুঝতে পারছি না। গ্রামের মুরব্বিরা বসে একবার সালিস করেছিলেন, তাতেও সমাধান হয়নি। বিষয়টি নিয়ে অনেক দিন ধরেই দুশ্চিন্তায় আছি। আমার পরিচিত একজন বলেছেন এতে নাকি অনেক সময় লাগে। দরখাস্ত for সরকার জমি নিয়ে নেওয়া of land in case of certain private aerial ropeways সংক্রান্ত একটা সমস্যায় পড়েছি, কোথায় যাব? বিষয়টি নিয়ে সঠিক তথ্য জানতে চাই।"
synth_cov_v3_102d80007ad6,other_88_s17,other,coverage,167,0.0536,1.0,"বেশ কিছুদিন ধরে একটি বিষয় নিয়ে চিন্তায় আছি। আমার পক্ষে বারবার শহরে যাওয়া কঠিন। এলাকার একজন মেম্বারের সঙ্গে কথা বলেছিলাম। কার কাছে গেলে সঠিক পরামর্শ পাব বুঝতে পারছি না। বিষয়টি নিয়ে অনেক দিন ধরেই দুশ্চিন্তায় আছি। ঘটনাটি ঘটেছে গত রমজান মাসে। আত্মীয়স্বজনরা দুই পক্ষেই ভাগ হয়ে গেছেন। গ্রামের মুরব্বিরা বসে একবার সালিস করেছিলেন, তাতেও সমাধান হয়নি। আমি জানি না কোথা থেকে শুরু করব। পরিবারের চাপ রয়েছে দ্রুত একটা সিদ্ধান্ত নেওয়ার। আমি চাই বিষয়টির একটা শান্তিপূর্ণ সমাধান হোক। কয়েক মাস ধরে বিষয়টি নিয়ে টানাপোড়েন চলছে। কয়েকজন শুভাকাঙ্ক্ষী বলছেন মামলা না করতে। আমার পরিচিত একজন বলেছেন এতে নাকি অনেক সময় লাগে। ঘটনাটি গত বছরের। ঘটনাটি প্রায় ছয় মাস আগের। একজন পরিচিত মানুষ বলেছিলেন আইনি পথে যেতে, কিন্তু আমি ভয় পাচ্ছি। এখন পরিস্থিতি আরও খারাপের দিকে যাচ্ছে। এর আগে কখনো এ ধরনের সমস্যায় পড়িনি। কাগজপত্র সব ঠিকঠাক আছে কি না তা-ও নিশ্চিত নই। সমস্যাটি প্রায় দুই বছর ধরে চলছে। প্রায় তিন বছর ধরে একই সমস্যা চলে আসছে। Effect of death before right to sue accrues নিয়ে আইনে কী বলা আছে?"
synth_cov_v3_3f659197fab7,other_310_s61,other,coverage,99,0.0143,0.5,"আমি নিতান্তই সাধারণ একটি পরিবারের সন্তান। আমার তেমন কোনো আর্থিক সামর্থ্য নেই। বিষয়টি নিয়ে অনেক দিন ধরেই দুশ্চিন্তায় আছি। ঘটনাটি গত বছরের। আমি চাই বিষয়টির একটা শান্তিপূর্ণ সমাধান হোক। সমস্যাটি প্রায় দুই বছর ধরে চলছে। এর আগে কখনো এ ধরনের সমস্যায় পড়িনি। আশপাশের লোকজন নানা রকম পরামর্শ দিচ্ছে, কোনটা ঠিক বুঝতে পারছি না। কয়েক মাস ধরে বিষয়টি নিয়ে টানাপোড়েন চলছে। কয়েকজন শুভাকাঙ্ক্ষী বলছেন মামলা না করতে। আত্মীয়স্বজনরা দুই পক্ষেই ভাগ হয়ে গেছেন। বিষয়টি স্থানীয়ভাবে মীমাংসার চেষ্টা করেছিলাম, কিন্তু কাজ হয়নি। একজন পরিচিত মানুষ বলেছিলেন আইনি পথে যেতে, কিন্তু আমি ভয় পাচ্ছি। Escape from কার কাছে থাকবে বিষয়ে নিয়ম কী?"
synth_cov_v3_f86e8cb404d3,other_26_s127,other,coverage,74,0.0196,0.5,"চাকরি করি একটি ছোট বেসরকারি অফিসে। আমি চাই বিষয়টির একটা শান্তিপূর্ণ সমাধান হোক। গ্রামের মুরব্বিরা বসে একবার সালিস করেছিলেন, তাতেও সমাধান হয়নি। সমস্যাটি প্রায় দুই বছর ধরে চলছে। আমি জানি না কোথা থেকে শুরু করব। প্রায় তিন বছর ধরে একই সমস্যা চলে আসছে। ঘটনাটি গত বছরের। বিষয়টি স্থানীয়ভাবে মীমাংসার চেষ্টা করেছিলাম, কিন্তু কাজ হয়নি। কাগজপত্র সব ঠিকঠাক আছে কি না তা-ও নিশ্চিত নই। বিনিময়ে যা দেওয়া হয় for guarantee ক্ষেত্রে আমার কী করা উচিত?"
synth_cov_v3_67718b454e94,other_1134_s13,other,coverage,81,0.0667,1.0,"আমি একজন প্রবাসী, দীর্ঘদিন বিদেশে ছিলাম। আমার পক্ষে বারবার শহরে যাওয়া কঠিন। এলাকার একজন মেম্বারের সঙ্গে কথা বলেছিলাম। গ্রামের মুরব্বিরা বসে একবার সালিস করেছিলেন, তাতেও সমাধান হয়নি। এখন পরিস্থিতি আরও খারাপের দিকে যাচ্ছে। কার কাছে গেলে সঠিক পরামর্শ পাব বুঝতে পারছি না। কয়েক মাস ধরে বিষয়টি নিয়ে টানাপোড়েন চলছে। আদালতে যাওয়ার মতো টাকাপয়সা আমার নেই। ঘটনাটি প্রায় ছয় মাস আগের। আমি চাই বিষয়টির একটা শান্তিপূর্ণ সমাধান হোক। ট্রাস্টি বোর্ড গঠন বিষয়ে কোন আইন প্রযোজ্য হবে? কী করা উচিত জানালে কৃতজ্ঞ থাকব।"
synth_cov_v3_075eb1ec95c1,other_692_s21,other,coverage,118,0.1013,1.0,"গ্রামের বাড়িতে বাবা-মায়ের সঙ্গে থাকি। আমার পক্ষে বারবার শহরে যাওয়া কঠিন। আদালতে যাওয়ার মতো টাকাপয়সা আমার নেই। আমি জানি না কোথা থেকে শুরু করব। বিষয়টি নিয়ে অনেক দিন ধরেই দুশ্চিন্তায় আছি। সমস্যাটি প্রায় দুই বছর ধরে চলছে। আমার পরিচিত একজন বলেছেন এতে নাকি অনেক সময় লাগে। এর আগে কখনো এ ধরনের সমস্যায় পড়িনি। ঘটনাটি ঘটেছে গত রমজান মাসে। ঘটনাটি গত বছরের। একজন পরিচিত মানুষ বলেছিলেন আইনি পথে যেতে, কিন্তু আমি ভয় পাচ্ছি। বিষয়টি স্থানীয়ভাবে মীমাংসার চেষ্টা করেছিলাম, কিন্তু কাজ হয়নি। আত্মীয়স্বজনরা দুই পক্ষেই ভাগ হয়ে গেছেন। কয়েক মাস ধরে বিষয়টি নিয়ে টানাপোড়েন চলছে। পরিবারের চাপ রয়েছে দ্রুত একটা সিদ্ধান্ত নেওয়ার। আমি খুব দুশ্চিন্তায় দিন কাটাচ্ছি। Power of police-officers to search suspected persons in streets, etc বিষয়ে নিয়ম কী?"
synth_cov_v3_2fd31873f119,other_1139_s5,other,coverage,192,0.0244,1.0,"আমার বাবা একজন দিনমজুর ছিলেন। আমার তেমন কোনো আর্থিক সামর্থ্য নেই। ঘটনাটি গত বছরের। শুরুতে বিষয়টিকে তেমন গুরুত্ব দিইনি। গ্রামের মুরব্বিরা বসে একবার সালিস করেছিলেন, তাতেও সমাধান হয়নি। আমার পরিচিত একজন বলেছেন এতে নাকি অনেক সময় লাগে। ঘটনাটি ঘটেছে গত রমজান মাসে। বিষয়টি স্থানীয়ভাবে মীমাংসার চেষ্টা করেছিলাম, কিন্তু কাজ হয়নি। এখন পরিস্থিতি আরও খারাপের দিকে যাচ্ছে। একজন পরিচিত মানুষ বলেছিলেন আইনি পথে যেতে, কিন্তু আমি ভয় পাচ্ছি। বিষয়টি নিয়ে অনেক দিন ধরেই দুশ্চিন্তায় আছি। প্রায় তিন বছর ধরে একই সমস্যা চলে আসছে। আদালতে যাওয়ার মতো টাকাপয়সা আমার নেই। আমার পক্ষে বারবার শহরে যাওয়া কঠিন। কয়েক মাস ধরে বিষয়টি নিয়ে টানাপোড়েন চলছে। আত্মীয়স্বজনরা দুই পক্ষেই ভাগ হয়ে গেছেন। কাগজপত্র সব ঠিকঠাক আছে কি না তা-ও নিশ্চিত নই। কার কাছে গেলে সঠিক পরামর্শ পাব বুঝতে পারছি না। ঘটনাটি প্রায় ছয় মাস আগের। এর আগে কখনো এ ধরনের সমস্যায় পড়িনি। আমি চাই বিষয়টির একটা শান্তিপূর্ণ সমাধান হোক। এলাকার একজন মেম্বারের সঙ্গে কথা বলেছিলাম। আশপাশের লোকজন নানা রকম পরামর্শ দিচ্ছে, কোনটা ঠিক বুঝতে পারছি না। সমস্যাটি প্রায় দুই বছর ধরে চলছে। আমি খুব দুশ্চিন্তায় দিন কাটাচ্ছি। আমি জানি না কোথা থেকে শুরু করব। বোর্ডের গঠন সংক্রান্ত একটা সমস্যায় পড়েছি, কোথায় যাব? আশা করি একটি সমাধান পাব।"
synth_cov_v3_6fe6bec6a784,women_children_1063_s13,women_children,coverage,122,0.0682,1.0,"আমি বিশ্ববিদ্যালয়ে পড়াশোনা করি। আত্মীয়স্বজনরা দুই পক্ষেই ভাগ হয়ে গেছেন। পরিবারের কাউকে খুলে বলতে পারছি না। কয়েক মাস ধরে বিষয়টি নিয়ে টানাপোড়েন চলছে। কাগজপত্র সব ঠিকঠাক আছে কি না তা-ও নিশ্চিত নই। ভয়ে এতদিন কাউকে বলিনি। থানা-পুলিশ করতে আমার ভয় লাগে। পরিবার থেকে চাপ দেওয়া হচ্ছে বিষয়টি ধামাচাপা দিতে। রাতে ঠিকমতো ঘুম হচ্ছে না। ঘটনাটি ঘটেছে গত রমজান মাসে। লোকলজ্জার ভয়ে এতদিন চুপ ছিলাম। আশপাশের লোকজন নানা রকম পরামর্শ দিচ্ছে, কোনটা ঠিক বুঝতে পারছি না। ঘটনাটি প্রায় ছয় মাস আগের। এলাকার একজন মেম্বারের সঙ্গে কথা বলেছিলাম। আমি চাই বিষয়টির একটা শান্তিপূর্ণ সমাধান হোক। এখন পরিস্থিতি আরও খারাপের দিকে যাচ্ছে। কয়েকজন শুভাকাঙ্ক্ষী বলছেন মামলা না করতে। আদালতে যাওয়ার মতো টাকাপয়সা আমার নেই। অন্তবর্তীকালীন সুরক্ষা আদেশ ও নোটিশ জারী ক্ষেত্রে আমার কী করা উচিত?"
synth_cov_v3_47326ccf8aed,other_20_s4,other,coverage,131,0.0851,0.8889,"চাকরি করি একটি ছোট বেসরকারি অফিসে। কয়েকজন শুভাকাঙ্ক্ষী বলছেন মামলা না করতে। আমি খুব দুশ্চিন্তায় দিন কাটাচ্ছি। আদালতে যাওয়ার মতো টাকাপয়সা আমার নেই। শুরুতে বিষয়টিকে তেমন গুরুত্ব দিইনি। আমি জানি না কোথা থেকে শুরু করব। সমস্যাটি প্রায় দুই বছর ধরে চলছে। আমার পরিচিত একজন বলেছেন এতে নাকি অনেক সময় লাগে। বিষয়টি স্থানীয়ভাবে মীমাংসার চেষ্টা করেছিলাম, কিন্তু কাজ হয়নি। পরিবারের চাপ রয়েছে দ্রুত একটা সিদ্ধান্ত নেওয়ার। একজন পরিচিত মানুষ বলেছিলেন আইনি পথে যেতে, কিন্তু আমি ভয় পাচ্ছি। কার কাছে গেলে সঠিক পরামর্শ পাব বুঝতে পারছি না। এর আগে কখনো এ ধরনের সমস্যায় পড়িনি। কাগজপত্র সব ঠিকঠাক আছে কি না তা-ও নিশ্চিত নই। ঘটনাটি ঘটেছে গত রমজান মাসে। আমার পক্ষে বারবার শহরে যাওয়া কঠিন। Matrimonial কোন আদালত দেখতে পারে of High Court Division to be exercised subject to Act Exception বিষয়ে নিয়ম কী?"
synth_cov_v3_d88e73e9f876,other_73_s6A,other,coverage,62,0.1429,1.0,"আমার বয়স ত্রিশের কাছাকাছি। কাগজপত্র সব ঠিকঠাক আছে কি না তা-ও নিশ্চিত নই। এর আগে কখনো এ ধরনের সমস্যায় পড়িনি। একজন পরিচিত মানুষ বলেছিলেন আইনি পথে যেতে, কিন্তু আমি ভয় পাচ্ছি। আশপাশের লোকজন নানা রকম পরামর্শ দিচ্ছে, কোনটা ঠিক বুঝতে পারছি না। আমি খুব দুশ্চিন্তায় দিন কাটাচ্ছি। Repeal of Act making textual amendment in Act or Regulation ক্ষেত্রে আমার কী করা উচিত?"
synth_cov_v3_c67d8cb5123a,other_1467_s61,other,coverage,132,0.0417,1.0,"সংসারে আমিই একমাত্র উপার্জনক্ষম। এর আগে কখনো এ ধরনের সমস্যায় পড়িনি। আমি চাই বিষয়টির একটা শান্তিপূর্ণ সমাধান হোক। শুরুতে বিষয়টিকে তেমন গুরুত্ব দিইনি। একজন পরিচিত মানুষ বলেছিলেন আইনি পথে যেতে, কিন্তু আমি ভয় পাচ্ছি। আমি খুব দুশ্চিন্তায় দিন কাটাচ্ছি। আত্মীয়স্বজনরা দুই পক্ষেই ভাগ হয়ে গেছেন। আমার পরিচিত একজন বলেছেন এতে নাকি অনেক সময় লাগে। ঘটনাটি ঘটেছে গত রমজান মাসে। কার কাছে গেলে সঠিক পরামর্শ পাব বুঝতে পারছি না। গ্রামের মুরব্বিরা বসে একবার সালিস করেছিলেন, তাতেও সমাধান হয়নি। আমার পক্ষে বারবার শহরে যাওয়া কঠিন। আদালতে যাওয়ার মতো টাকাপয়সা আমার নেই। আমার তেমন কোনো আর্থিক সামর্থ্য নেই। কয়েক মাস ধরে বিষয়টি নিয়ে টানাপোড়েন চলছে। প্রায় তিন বছর ধরে একই সমস্যা চলে আসছে। বিষয়টি স্থানীয়ভাবে মীমাংসার চেষ্টা করেছিলাম, কিন্তু কাজ হয়নি। মোবাইল কোর্টের এখতিয়ার নিয়ে আইনে কী বলা আছে? বিষয়টি নিয়ে সঠিক তথ্য জানতে চাই।"
synth_cov_v3_24c6d451570f,consumer_1452_s37,consumer,coverage,51,0.0789,1.0,"আমরা তিন ভাইবোন। আমার পরিচিত একজন বলেছেন এতে নাকি অনেক সময় লাগে। পরিবারের চাপ রয়েছে দ্রুত একটা সিদ্ধান্ত নেওয়ার। এর আগে কখনো এ ধরনের সমস্যায় পড়িনি। দোকানটি আমাদের এলাকারই। প্রায় তিন বছর ধরে একই সমস্যা চলে আসছে। অর্থ বণ্টন সংক্রান্ত একটা সমস্যায় পড়েছি, কোথায় যাব? বিষয়টি নিয়ে সঠিক তথ্য জানতে চাই।"
synth_cov_v3_c00b9a024979,other_1426_s30,other,coverage,107,0.0533,1.0,"একজন পরিচিত মানুষ বলেছিলেন আইনি পথে যেতে, কিন্তু আমি ভয় পাচ্ছি। গ্রামের মুরব্বিরা বসে একবার সালিস করেছিলেন, তাতেও সমাধান হয়নি। কয়েক মাস ধরে বিষয়টি নিয়ে টানাপোড়েন চলছে। এখন পরিস্থিতি আরও খারাপের দিকে যাচ্ছে। আমি জানি না কোথা থেকে শুরু করব। আদালতে যাওয়ার মতো টাকাপয়সা আমার নেই। আমি খুব দুশ্চিন্তায় দিন কাটাচ্ছি। বিষয়টি স্থানীয়ভাবে মীমাংসার চেষ্টা করেছিলাম, কিন্তু কাজ হয়নি। আমার পক্ষে বারবার শহরে যাওয়া কঠিন। ঘটনাটি গত বছরের। ঘটনাটি প্রায় ছয় মাস আগের। এর আগে কখনো এ ধরনের সমস্যায় পড়িনি। ঘটনাটি ঘটেছে গত রমজান মাসে। আত্মীয়স্বজনরা দুই পক্ষেই ভাগ হয়ে গেছেন। কাগজপত্র সব ঠিকঠাক আছে কি না তা-ও নিশ্চিত নই। অর্থ কমিটি ক্ষেত্রে আমার কী করা উচিত?"
synth_cov_v3_abdbdeaae716,other_849_s6,other,coverage,24,0.2667,1.0,"আমরা চার ভাইবোন, আমি সবার ছোট। কাগজপত্র সব ঠিকঠাক আছে কি না তা-ও নিশ্চিত নই। আরজি দ্বারা মামলা রুজু নিয়ে আইনে কী বলা আছে?"
synth_cov_v3_bd7ca2083bfc,other_867_s40,other,coverage,52,0.0488,1.0,"আমি সম্প্রতি একটি চাকরিতে যোগ দিয়েছি। আত্মীয়স্বজনরা দুই পক্ষেই ভাগ হয়ে গেছেন। এলাকার একজন মেম্বারের সঙ্গে কথা বলেছিলাম। কয়েকজন শুভাকাঙ্ক্ষী বলছেন মামলা না করতে। গ্রামের মুরব্বিরা বসে একবার সালিস করেছিলেন, তাতেও সমাধান হয়নি। প্রায় তিন বছর ধরে একই সমস্যা চলে আসছে। প্রবিধান ক্ষেত্রে আমার কী করা উচিত? আমাকে একটু পথ বাতলে দিন।"
synth_cov_v3_906e1d49d02d,criminal_procedure_11_s456,criminal_procedure,coverage,196,0.0312,0.6667,"আমি লেখাপড়া বেশি দূর করতে পারিনি। গ্রামের মুরব্বিরা বসে একবার সালিস করেছিলেন, তাতেও সমাধান হয়নি। আমার পক্ষে বারবার শহরে যাওয়া কঠিন। ঘটনাটি ঘটেছে গত রমজান মাসে। থানায় একবার গিয়েছিলাম, কিন্তু ভালো ব্যবহার পাইনি। সন্তানদের ভবিষ্যৎ নিয়ে দুশ্চিন্তা হচ্ছে। ঘটনাটি গত বছরের। আমি চাই বিষয়টির একটা শান্তিপূর্ণ সমাধান হোক। কয়েকজন শুভাকাঙ্ক্ষী বলছেন মামলা না করতে। রাতে ঠিকমতো ঘুম হচ্ছে না। ঘটনার পর থেকে ঘরে-বাইরে কথা শুনতে হচ্ছে। এর আগে কখনো এ ধরনের সমস্যায় পড়িনি। আমি জানি না কোথা থেকে শুরু করব। কাউকে বিশ্বাস করে বলতে সাহস পাচ্ছি না। শুরুতে বিষয়টিকে তেমন গুরুত্ব দিইনি। ঘটনার কোনো সাক্ষী নেই। প্রায় তিন বছর ধরে একই সমস্যা চলে আসছে। সমস্যাটি প্রায় দুই বছর ধরে চলছে। আদালতে যাওয়ার মতো টাকাপয়সা আমার নেই। কয়েক মাস ধরে বিষয়টি নিয়ে টানাপোড়েন চলছে। এলাকার একজন মেম্বারের সঙ্গে কথা বলেছিলাম। পরিবারের চাপ রয়েছে দ্রুত একটা সিদ্ধান্ত নেওয়ার। কাগজপত্র সব ঠিকঠাক আছে কি না তা-ও নিশ্চিত নই। আমার তেমন কোনো আর্থিক সামর্থ্য নেই। একজন পরিচিত মানুষ বলেছিলেন আইনি পথে যেতে, কিন্তু আমি ভয় পাচ্ছি। পরিবারের কাউকে খুলে বলতে পারছি না। আমি খুব দুশ্চিন্তায় দিন কাটাচ্ছি। কার কাছে গেলে সঠিক পরামর্শ পাব বুঝতে পারছি না। শাস্তি for lurking house-জোর করে ঢুকে পড়া or house-breaking by night বিষয়ে নিয়ম কী?"
synth_cov_v3_c4500695d752,other_1037_s102,other,coverage,47,0.25,1.0,"আমি একজন ক্ষুদ্র ব্যবসায়ী, দোকান চালাই। শুরুতে বিষয়টিকে তেমন গুরুত্ব দিইনি। আমি চাই বিষয়টির একটা শান্তিপূর্ণ সমাধান হোক। আমার পক্ষে বারবার শহরে যাওয়া কঠিন। আমার পরিচিত একজন বলেছেন এতে নাকি অনেক সময় লাগে। ধারা ৯৫ হইতে ৯৯ এর অধীনে গৃহীত ব্যবস্থাদির সংরক্ষণ৷ ক্ষেত্রে আমার কী করা উচিত?"
synth_cov_v3_dea8254fedaf,other_427_s11,other,coverage,67,0.0392,1.0,"গত বছরের ঘটনা। এলাকার একজন মেম্বারের সঙ্গে কথা বলেছিলাম। কাগজপত্র সব ঠিকঠাক আছে কি না তা-ও নিশ্চিত নই। আমি জানি না কোথা থেকে শুরু করব। কার কাছে গেলে সঠিক পরামর্শ পাব বুঝতে পারছি না। সমস্যাটি প্রায় দুই বছর ধরে চলছে। আমার পক্ষে বারবার শহরে যাওয়া কঠিন। ঘটনাটি প্রায় ছয় মাস আগের। বিষয়টি স্থানীয়ভাবে মীমাংসার চেষ্টা করেছিলাম, কিন্তু কাজ হয়নি। Controlling Officer সংক্রান্ত একটা সমস্যায় পড়েছি, কোথায় যাব?"
synth_cov_v3_99eb402990b4,other_912_s27,other,coverage,56,0.0698,1.0,"আমরা চার ভাইবোন, আমি সবার ছোট। কাগজপত্র সব ঠিকঠাক আছে কি না তা-ও নিশ্চিত নই। আশপাশের লোকজন নানা রকম পরামর্শ দিচ্ছে, কোনটা ঠিক বুঝতে পারছি না। ঘটনাটি প্রায় ছয় মাস আগের। এখন পরিস্থিতি আরও খারাপের দিকে যাচ্ছে। আমি চাই বিষয়টির একটা শান্তিপূর্ণ সমাধান হোক। পরিবারের চাপ রয়েছে দ্রুত একটা সিদ্ধান্ত নেওয়ার। ঋণ গ্রহণ বিষয়ে নিয়ম কী?"
synth_cov_v3_49228c5e993d,local_government_1027_s10,local_government,coverage,47,0.0789,1.0,"এলাকার একজন মেম্বারের সঙ্গে কথা বলেছিলাম। আমার পরিচিত একজন বলেছেন এতে নাকি অনেক সময় লাগে। বিষয়টি স্থানীয়ভাবে মীমাংসার চেষ্টা করেছিলাম, কিন্তু কাজ হয়নি। পরিবারের চাপ রয়েছে দ্রুত একটা সিদ্ধান্ত নেওয়ার। আমার পক্ষে বারবার শহরে যাওয়া কঠিন। আত্মীয়স্বজনরা দুই পক্ষেই ভাগ হয়ে গেছেন। পরিষদ গঠন বিষয়ে নিয়ম কী?"
synth_cov_v3_5793f3c22692,other_1247_s8,other,coverage,121,0.0575,1.0,"একজন পরিচিত মানুষ বলেছিলেন আইনি পথে যেতে, কিন্তু আমি ভয় পাচ্ছি। আমি চাই বিষয়টির একটা শান্তিপূর্ণ সমাধান হোক। আত্মীয়স্বজনরা দুই পক্ষেই ভাগ হয়ে গেছেন। আমি খুব দুশ্চিন্তায় দিন কাটাচ্ছি। বিষয়টি স্থানীয়ভাবে মীমাংসার চেষ্টা করেছিলাম, কিন্তু কাজ হয়নি। আমি জানি না কোথা থেকে শুরু করব। আমার পক্ষে বারবার শহরে যাওয়া কঠিন। প্রায় তিন বছর ধরে একই সমস্যা চলে আসছে। শুরুতে বিষয়টিকে তেমন গুরুত্ব দিইনি। পরিবারের চাপ রয়েছে দ্রুত একটা সিদ্ধান্ত নেওয়ার। গ্রামের মুরব্বিরা বসে একবার সালিস করেছিলেন, তাতেও সমাধান হয়নি। এলাকার একজন মেম্বারের সঙ্গে কথা বলেছিলাম। বিষয়টি নিয়ে অনেক দিন ধরেই দুশ্চিন্তায় আছি। ঘটনাটি প্রায় ছয় মাস আগের। কয়েক মাস ধরে বিষয়টি নিয়ে টানাপোড়েন চলছে। কার কাছে গেলে সঠিক পরামর্শ পাব বুঝতে পারছি না। গবেষণা ও প্রশিক্ষণ কেন্দ্র প্রতিষ্ঠা বিষয়ে নিয়ম কী?"
synth_cov_v3_057b2fc08114,other_948_s44,other,coverage,49,0.1026,1.0,"হঠাৎ করেই একটা ঝামেলায় জড়িয়ে পড়েছি। গ্রামের মুরব্বিরা বসে একবার সালিস করেছিলেন, তাতেও সমাধান হয়নি। কয়েকজন শুভাকাঙ্ক্ষী বলছেন মামলা না করতে। এর আগে কখনো এ ধরনের সমস্যায় পড়িনি। কয়েক মাস ধরে বিষয়টি নিয়ে টানাপোড়েন চলছে। এলাকার একজন মেম্বারের সঙ্গে কথা বলেছিলাম। রাসায়নিক অস্ত্র ধ্বংসকরণ নিয়ে আইনে কী বলা আছে?"
synth_cov_v3_2b78d749a55c,criminal_procedure_1012_s42,criminal_procedure,coverage,17,0.4615,0.8,"আমি একটি এনজিওতে কাজ করি। কতিপয় অপরাধের জন্য শাস্তিপ্রাপ্ত ব্যক্তির অপসারণ সংক্রান্ত একটা সমস্যায় পড়েছি, কোথায় যাব?"
synth_cov_v3_6481fbb88563,other_248_s42,other,coverage,72,0.0357,1.0,"আমি একটি মফস্বল শহরে থাকি। গ্রামের মুরব্বিরা বসে একবার সালিস করেছিলেন, তাতেও সমাধান হয়নি। পরিবারের চাপ রয়েছে দ্রুত একটা সিদ্ধান্ত নেওয়ার। আমার তেমন কোনো আর্থিক সামর্থ্য নেই। এলাকার একজন মেম্বারের সঙ্গে কথা বলেছিলাম। ঘটনাটি গত বছরের। আমার পরিচিত একজন বলেছেন এতে নাকি অনেক সময় লাগে। সমস্যাটি প্রায় দুই বছর ধরে চলছে। ঘটনাটি প্রায় ছয় মাস আগের। আশপাশের লোকজন নানা রকম পরামর্শ দিচ্ছে, কোনটা ঠিক বুঝতে পারছি না। Illegal gratification বিষয়ে নিয়ম কী?"
synth_cov_v3_9b185403ff1d,other_864_s16,other,coverage,198,0.0231,1.0,"আমি একজন ক্ষুদ্র ব্যবসায়ী, দোকান চালাই। কার কাছে গেলে সঠিক পরামর্শ পাব বুঝতে পারছি না। আমি জানি না কোথা থেকে শুরু করব। এর আগে কখনো এ ধরনের সমস্যায় পড়িনি। কয়েকজন শুভাকাঙ্ক্ষী বলছেন মামলা না করতে। এলাকার একজন মেম্বারের সঙ্গে কথা বলেছিলাম। গ্রামের মুরব্বিরা বসে একবার সালিস করেছিলেন, তাতেও সমাধান হয়নি। আদালতে যাওয়ার মতো টাকাপয়সা আমার নেই। এখন পরিস্থিতি আরও খারাপের দিকে যাচ্ছে। ঘটনাটি গত বছরের। আমার পরিচিত একজন বলেছেন এতে নাকি অনেক সময় লাগে। বিষয়টি নিয়ে অনেক দিন ধরেই দুশ্চিন্তায় আছি। ঘটনাটি ঘটেছে গত রমজান মাসে। বিষয়টি স্থানীয়ভাবে মীমাংসার চেষ্টা করেছিলাম, কিন্তু কাজ হয়নি। আমার তেমন কোনো আর্থিক সামর্থ্য নেই। প্রায় তিন বছর ধরে একই সমস্যা চলে আসছে। পরিবারের চাপ রয়েছে দ্রুত একটা সিদ্ধান্ত নেওয়ার। আমি খুব দুশ্চিন্তায় দিন কাটাচ্ছি। শুরুতে বিষয়টিকে তেমন গুরুত্ব দিইনি। আমার পক্ষে বারবার শহরে যাওয়া কঠিন। আশপাশের লোকজন নানা রকম পরামর্শ দিচ্ছে, কোনটা ঠিক বুঝতে পারছি না। আত্মীয়স্বজনরা দুই পক্ষেই ভাগ হয়ে গেছেন। আমি চাই বিষয়টির একটা শান্তিপূর্ণ সমাধান হোক। একজন পরিচিত মানুষ বলেছিলেন আইনি পথে যেতে, কিন্তু আমি ভয় পাচ্ছি। ঘটনাটি প্রায় ছয় মাস আগের। সমস্যাটি প্রায় দুই বছর ধরে চলছে। কাগজপত্র সব ঠিকঠাক আছে কি না তা-ও নিশ্চিত নই। কয়েক মাস ধরে বিষয়টি নিয়ে টানাপোড়েন চলছে। পরীক্ষা নিয়ন্ত্রক বিষয়ে নিয়ম কী?"
synth_cov_v3_bc86258563f6,civil_registration_1458_s6,civil_registration,strict,121,0.0123,0.0,"আমার পক্ষে বারবার শহরে যাওয়া কঠিন। এর আগে কখনো এ ধরনের সমস্যায় পড়িনি। এলাকার একজন মেম্বারের সঙ্গে কথা বলেছিলাম। সমস্যাটি প্রায় দুই বছর ধরে চলছে। পরিবারের চাপ রয়েছে দ্রুত একটা সিদ্ধান্ত নেওয়ার। আমার তেমন কোনো আর্থিক সামর্থ্য নেই। আমার পরিচিত একজন বলেছেন এতে নাকি অনেক সময় লাগে। আদালতে যাওয়ার মতো টাকাপয়সা আমার নেই। বিষয়টি স্থানীয়ভাবে মীমাংসার চেষ্টা করেছিলাম, কিন্তু কাজ হয়নি। কার কাছে গেলে সঠিক পরামর্শ পাব বুঝতে পারছি না। আমি চাই বিষয়টির একটা শান্তিপূর্ণ সমাধান হোক। কয়েক মাস ধরে বিষয়টি নিয়ে টানাপোড়েন চলছে। ঘটনাটি প্রায় ছয় মাস আগের। কাগজপত্র সব ঠিকঠাক আছে কি না তা-ও নিশ্চিত নই। প্রায় তিন বছর ধরে একই সমস্যা চলে আসছে। নিজমি বা বাড়ি জামানত রাখা বিষয়ে কোন আইন প্রযোজ্য হবে? আশা করি একটি সমাধান পাব।"
synth_cov_v3_0d23bb876376,other_248_s16,other,coverage,106,0.026,0.6667,"কর্মস্থলে একটি অপ্রীতিকর ঘটনা ঘটেছে। কাগজপত্র সব ঠিকঠাক আছে কি না তা-ও নিশ্চিত নই। ঘটনাটি প্রায় ছয় মাস আগের। এর আগে কখনো এ ধরনের সমস্যায় পড়িনি। আমি জানি না কোথা থেকে শুরু করব। কয়েকজন শুভাকাঙ্ক্ষী বলছেন মামলা না করতে। এলাকার একজন মেম্বারের সঙ্গে কথা বলেছিলাম। আশপাশের লোকজন নানা রকম পরামর্শ দিচ্ছে, কোনটা ঠিক বুঝতে পারছি না। গ্রামের মুরব্বিরা বসে একবার সালিস করেছিলেন, তাতেও সমাধান হয়নি। আমার পক্ষে বারবার শহরে যাওয়া কঠিন। আমি চাই বিষয়টির একটা শান্তিপূর্ণ সমাধান হোক। আমার পরিচিত একজন বলেছেন এতে নাকি অনেক সময় লাগে। শুরুতে বিষয়টিকে তেমন গুরুত্ব দিইনি। চাকরি থেকে বের করে দেওয়া or removal by Government নিয়ে আইনে কী বলা আছে?"
synth_cov_v3_71798dabe3b9,other_605_s3,other,coverage,39,0.037,1.0,"শহরে এসেছি বছর পাঁচেক হলো। বিষয়টি নিয়ে অনেক দিন ধরেই দুশ্চিন্তায় আছি। এর আগে কখনো এ ধরনের সমস্যায় পড়িনি। বিষয়টি স্থানীয়ভাবে মীমাংসার চেষ্টা করেছিলাম, কিন্তু কাজ হয়নি। Appropriation নিয়ে আইনে কী বলা আছে? দয়া করে পরামর্শ দিলে উপকৃত হব।"
synth_cov_v3_8dffeaadc723,other_273_s42,other,coverage,65,0.0625,1.0,"প্রায় তিন বছর ধরে একই সমস্যা চলে আসছে। গ্রামের মুরব্বিরা বসে একবার সালিস করেছিলেন, তাতেও সমাধান হয়নি। আদালতে যাওয়ার মতো টাকাপয়সা আমার নেই। আমি চাই বিষয়টির একটা শান্তিপূর্ণ সমাধান হোক। এখন পরিস্থিতি আরও খারাপের দিকে যাচ্ছে। আত্মীয়স্বজনরা দুই পক্ষেই ভাগ হয়ে গেছেন। বিষয়টি স্থানীয়ভাবে মীমাংসার চেষ্টা করেছিলাম, কিন্তু কাজ হয়নি। Declaration of fidelity and secrecy বিষয়ে কোন আইন প্রযোজ্য হবে? আশা করি একটি সমাধান পাব।"
synth_cov_v3_a7cfae39dc97,other_1056_s47,other,coverage,165,0.0357,1.0,"সংসারে আমিই একমাত্র উপার্জনক্ষম। আমার পক্ষে বারবার শহরে যাওয়া কঠিন। আত্মীয়স্বজনরা দুই পক্ষেই ভাগ হয়ে গেছেন। আমার তেমন কোনো আর্থিক সামর্থ্য নেই। এর আগে কখনো এ ধরনের সমস্যায় পড়িনি। প্রায় তিন বছর ধরে একই সমস্যা চলে আসছে। ঘটনাটি ঘটেছে গত রমজান মাসে। সমস্যাটি প্রায় দুই বছর ধরে চলছে। বিষয়টি নিয়ে অনেক দিন ধরেই দুশ্চিন্তায় আছি। বিষয়টি স্থানীয়ভাবে মীমাংসার চেষ্টা করেছিলাম, কিন্তু কাজ হয়নি। আমি খুব দুশ্চিন্তায় দিন কাটাচ্ছি। কয়েকজন শুভাকাঙ্ক্ষী বলছেন মামলা না করতে। আশপাশের লোকজন নানা রকম পরামর্শ দিচ্ছে, কোনটা ঠিক বুঝতে পারছি না। একজন পরিচিত মানুষ বলেছিলেন আইনি পথে যেতে, কিন্তু আমি ভয় পাচ্ছি। আমি জানি না কোথা থেকে শুরু করব। কার কাছে গেলে সঠিক পরামর্শ পাব বুঝতে পারছি না। কাগজপত্র সব ঠিকঠাক আছে কি না তা-ও নিশ্চিত নই। ঘটনাটি প্রায় ছয় মাস আগের। এখন পরিস্থিতি আরও খারাপের দিকে যাচ্ছে। পরিবারের চাপ রয়েছে দ্রুত একটা সিদ্ধান্ত নেওয়ার। কয়েক মাস ধরে বিষয়টি নিয়ে টানাপোড়েন চলছে। আমি চাই বিষয়টির একটা শান্তিপূর্ণ সমাধান হোক। শুরুতে বিষয়টিকে তেমন গুরুত্ব দিইনি। উপ-কমিটি গঠন নিয়ে আইনে কী বলা আছে?"
synth_cov_v3_3d7b06f98385,other_946_s56,other,coverage,62,0.119,1.0,"আমি জানি না কোথা থেকে শুরু করব। এলাকার একজন মেম্বারের সঙ্গে কথা বলেছিলাম। গ্রামের মুরব্বিরা বসে একবার সালিস করেছিলেন, তাতেও সমাধান হয়নি। আমার তেমন কোনো আর্থিক সামর্থ্য নেই। সমস্যাটি প্রায় দুই বছর ধরে চলছে। ঘটনাটি প্রায় ছয় মাস আগের। বিষয়টি নিয়ে অনেক দিন ধরেই দুশ্চিন্তায় আছি। এখন পরিস্থিতি আরও খারাপের দিকে যাচ্ছে। অবসর ভাতা ও ভবিষ্য তহবিল ক্ষেত্রে আমার কী করা উচিত?"
synth_cov_v3_041b1611538a,other_98_s5,other,coverage,191,0.0163,0.6667,"মা মারা যাওয়ার পর থেকে ঝামেলা শুরু। এর আগে কখনো এ ধরনের সমস্যায় পড়িনি। আদালতে যাওয়ার মতো টাকাপয়সা আমার নেই। ঘটনাটি ঘটেছে গত রমজান মাসে। আশপাশের লোকজন নানা রকম পরামর্শ দিচ্ছে, কোনটা ঠিক বুঝতে পারছি না। আমার পরিচিত একজন বলেছেন এতে নাকি অনেক সময় লাগে। প্রায় তিন বছর ধরে একই সমস্যা চলে আসছে। কাগজপত্র সব ঠিকঠাক আছে কি না তা-ও নিশ্চিত নই। ঘটনাটি প্রায় ছয় মাস আগের। বিষয়টি নিয়ে অনেক দিন ধরেই দুশ্চিন্তায় আছি। আমি জানি না কোথা থেকে শুরু করব। এখন পরিস্থিতি আরও খারাপের দিকে যাচ্ছে। গ্রামের মুরব্বিরা বসে একবার সালিস করেছিলেন, তাতেও সমাধান হয়নি। ঘটনাটি গত বছরের। কার কাছে গেলে সঠিক পরামর্শ পাব বুঝতে পারছি না। কয়েকজন শুভাকাঙ্ক্ষী বলছেন মামলা না করতে। বিষয়টি স্থানীয়ভাবে মীমাংসার চেষ্টা করেছিলাম, কিন্তু কাজ হয়নি। একজন পরিচিত মানুষ বলেছিলেন আইনি পথে যেতে, কিন্তু আমি ভয় পাচ্ছি। আমার তেমন কোনো আর্থিক সামর্থ্য নেই। পরিবারের চাপ রয়েছে দ্রুত একটা সিদ্ধান্ত নেওয়ার। শুরুতে বিষয়টিকে তেমন গুরুত্ব দিইনি। এলাকার একজন মেম্বারের সঙ্গে কথা বলেছিলাম। সমস্যাটি প্রায় দুই বছর ধরে চলছে। আমি চাই বিষয়টির একটা শান্তিপূর্ণ সমাধান হোক। কয়েক মাস ধরে বিষয়টি নিয়ে টানাপোড়েন চলছে। সরকার সাময়িকভাবে জমি নেওয়া for certificate in other cases নিয়ে আইনে কী বলা আছে?"
synth_cov_v3_f444a6e79c11,other_900_s22,other,coverage,60,0.1136,0.75,"আমি ঢাকায় ভাড়া বাসায় থাকি। এখন পরিস্থিতি আরও খারাপের দিকে যাচ্ছে। আত্মীয়স্বজনরা দুই পক্ষেই ভাগ হয়ে গেছেন। এলাকার একজন মেম্বারের সঙ্গে কথা বলেছিলাম। কার কাছে গেলে সঠিক পরামর্শ পাব বুঝতে পারছি না। আশপাশের লোকজন নানা রকম পরামর্শ দিচ্ছে, কোনটা ঠিক বুঝতে পারছি না। ক্ষতির টাকা ইত্যাদির দাবী অগ্রহণযোগ্য ক্ষেত্রে আমার কী করা উচিত? এ বিষয়ে আইনে কী আছে জানতে চাই।"
synth_cov_v3_ca215e3aa992,other_531_s3,other,coverage,122,0.0494,1.0,"বাবার মৃত্যুর পর পরিবারে সমস্যা দেখা দেয়। আমার তেমন কোনো আর্থিক সামর্থ্য নেই। শুরুতে বিষয়টিকে তেমন গুরুত্ব দিইনি। আমার পরিচিত একজন বলেছেন এতে নাকি অনেক সময় লাগে। বিষয়টি স্থানীয়ভাবে মীমাংসার চেষ্টা করেছিলাম, কিন্তু কাজ হয়নি। ঘটনাটি ঘটেছে গত রমজান মাসে। কাগজপত্র সব ঠিকঠাক আছে কি না তা-ও নিশ্চিত নই। আমি জানি না কোথা থেকে শুরু করব। বিষয়টি নিয়ে অনেক দিন ধরেই দুশ্চিন্তায় আছি। পরিবারের চাপ রয়েছে দ্রুত একটা সিদ্ধান্ত নেওয়ার। আদালতে যাওয়ার মতো টাকাপয়সা আমার নেই। এলাকার একজন মেম্বারের সঙ্গে কথা বলেছিলাম। আত্মীয়স্বজনরা দুই পক্ষেই ভাগ হয়ে গেছেন। প্রায় তিন বছর ধরে একই সমস্যা চলে আসছে। এখন পরিস্থিতি আরও খারাপের দিকে যাচ্ছে। আমি খুব দুশ্চিন্তায় দিন কাটাচ্ছি। Inland ships to be surveyed and registered নিয়ে আইনে কী বলা আছে? আইনি পরামর্শ চাই।"
synth_cov_v3_2b60c52669ed,other_1350_s45,other,coverage,130,0.0333,1.0,"আমি পরিবারের বড় সন্তান। ঘটনাটি ঘটেছে গত রমজান মাসে। আমি চাই বিষয়টির একটা শান্তিপূর্ণ সমাধান হোক। পরিবারের চাপ রয়েছে দ্রুত একটা সিদ্ধান্ত নেওয়ার। আমি জানি না কোথা থেকে শুরু করব। শুরুতে বিষয়টিকে তেমন গুরুত্ব দিইনি। আমি খুব দুশ্চিন্তায় দিন কাটাচ্ছি। সমস্যাটি প্রায় দুই বছর ধরে চলছে। আশপাশের লোকজন নানা রকম পরামর্শ দিচ্ছে, কোনটা ঠিক বুঝতে পারছি না। আমার পক্ষে বারবার শহরে যাওয়া কঠিন। এখন পরিস্থিতি আরও খারাপের দিকে যাচ্ছে। ঘটনাটি প্রায় ছয় মাস আগের। বিষয়টি স্থানীয়ভাবে মীমাংসার চেষ্টা করেছিলাম, কিন্তু কাজ হয়নি। এলাকার একজন মেম্বারের সঙ্গে কথা বলেছিলাম। আত্মীয়স্বজনরা দুই পক্ষেই ভাগ হয়ে গেছেন। বিষয়টি নিয়ে অনেক দিন ধরেই দুশ্চিন্তায় আছি। আদালতে যাওয়ার মতো টাকাপয়সা আমার নেই। গ্রামের মুরব্বিরা বসে একবার সালিস করেছিলেন, তাতেও সমাধান হয়নি। বার্ষিক হিসাব বিষয়ে কোন আইন প্রযোজ্য হবে? এ বিষয়ে আইনে কী আছে জানতে চাই।"
synth_cov_v3_d27e3c1dbc3d,other_1195_s9,other,coverage,108,0.0633,1.0,"একটি জরুরি বিষয়ে জানার ছিল। শুরুতে বিষয়টিকে তেমন গুরুত্ব দিইনি। এখন পরিস্থিতি আরও খারাপের দিকে যাচ্ছে। কয়েকজন শুভাকাঙ্ক্ষী বলছেন মামলা না করতে। এর আগে কখনো এ ধরনের সমস্যায় পড়িনি। সমস্যাটি প্রায় দুই বছর ধরে চলছে। আমার তেমন কোনো আর্থিক সামর্থ্য নেই। গ্রামের মুরব্বিরা বসে একবার সালিস করেছিলেন, তাতেও সমাধান হয়নি। ঘটনাটি গত বছরের। কার কাছে গেলে সঠিক পরামর্শ পাব বুঝতে পারছি না। একজন পরিচিত মানুষ বলেছিলেন আইনি পথে যেতে, কিন্তু আমি ভয় পাচ্ছি। কয়েক মাস ধরে বিষয়টি নিয়ে টানাপোড়েন চলছে। পরিবারের চাপ রয়েছে দ্রুত একটা সিদ্ধান্ত নেওয়ার। বিষয়টি স্থানীয়ভাবে মীমাংসার চেষ্টা করেছিলাম, কিন্তু কাজ হয়নি। আমি জানি না কোথা থেকে শুরু করব। চা উপ-কর আরোপ বিষয়ে নিয়ম কী?"
synth_cov_v3_e24bbd2968e3,other_1151_s8,other,coverage,65,0.125,1.0,"বেশ কিছুদিন ধরে একটি বিষয় নিয়ে চিন্তায় আছি। আশপাশের লোকজন নানা রকম পরামর্শ দিচ্ছে, কোনটা ঠিক বুঝতে পারছি না। আমি জানি না কোথা থেকে শুরু করব। শুরুতে বিষয়টিকে তেমন গুরুত্ব দিইনি। এলাকার একজন মেম্বারের সঙ্গে কথা বলেছিলাম। আমার পক্ষে বারবার শহরে যাওয়া কঠিন। ঘটনাটি গত বছরের। কাগজপত্র সব ঠিকঠাক আছে কি না তা-ও নিশ্চিত নই। আদালতের আদেশে ডিএনএ নমুনা সংগ্রহ নিয়ে আইনে কী বলা আছে?"
synth_cov_v3_c3f0d8c2260f,other_1126_s23,other,coverage,23,0.3077,1.0,আমার পরিবার আর্থিকভাবে খুব একটা সচ্ছল নয়। কাগজপত্র সব ঠিকঠাক আছে কি না তা-ও নিশ্চিত নই। উপজেলা কমিটি বিষয়ে কোন আইন প্রযোজ্য হবে?
synth_cov_v3_9ed7d6564229,other_1481_s18,other,coverage,26,0.1364,1.0,বাবার মৃত্যুর পর পরিবারে সমস্যা দেখা দেয়। পরিবারের চাপ রয়েছে দ্রুত একটা সিদ্ধান্ত নেওয়ার। শুরুতে বিষয়টিকে তেমন গুরুত্ব দিইনি। অ্যাকাডেমিক কাউন্সিল বিষয়ে কোন আইন প্রযোজ্য হবে?
synth_cov_v3_c2a95dff3109,other_1725_s6,other,coverage,120,0.1084,1.0,"আমি একজন প্রবাসী, দীর্ঘদিন বিদেশে ছিলাম। একজন পরিচিত মানুষ বলেছিলেন আইনি পথে যেতে, কিন্তু আমি ভয় পাচ্ছি। আমার পক্ষে বারবার শহরে যাওয়া কঠিন। বিষয়টি নিয়ে অনেক দিন ধরেই দুশ্চিন্তায় আছি। পরিবারের চাপ রয়েছে দ্রুত একটা সিদ্ধান্ত নেওয়ার। আমি জানি না কোথা থেকে শুরু করব। গ্রামের মুরব্বিরা বসে একবার সালিস করেছিলেন, তাতেও সমাধান হয়নি। ঘটনাটি গত বছরের। কাগজপত্র সব ঠিকঠাক আছে কি না তা-ও নিশ্চিত নই। আমি চাই বিষয়টির একটা শান্তিপূর্ণ সমাধান হোক। আমার পরিচিত একজন বলেছেন এতে নাকি অনেক সময় লাগে। শুরুতে বিষয়টিকে তেমন গুরুত্ব দিইনি। আদালতে যাওয়ার মতো টাকাপয়সা আমার নেই। আশপাশের লোকজন নানা রকম পরামর্শ দিচ্ছে, কোনটা ঠিক বুঝতে পারছি না। ২০১২ সনের ৪৭ নং আইনের ধারা ২০ এর প্রতিস্থাপন ক্ষেত্রে আমার কী করা উচিত? আইনি পরামর্শ চাই।"
synth_cov_v3_7c98e355ebc7,other_1125_s27,other,coverage,66,0.1667,1.0,"সালাম নেবেন, একটি বিষয়ে পরামর্শ দরকার। বিষয়টি নিয়ে অনেক দিন ধরেই দুশ্চিন্তায় আছি। ঘটনাটি প্রায় ছয় মাস আগের। কাগজপত্র সব ঠিকঠাক আছে কি না তা-ও নিশ্চিত নই। আদালতে যাওয়ার মতো টাকাপয়সা আমার নেই। এখন পরিস্থিতি আরও খারাপের দিকে যাচ্ছে। আমার পক্ষে বারবার শহরে যাওয়া কঠিন। আমি খুব দুশ্চিন্তায় দিন কাটাচ্ছি। কামিল (স্নাতকোত্তর) শিক্ষা, প্রশিক্ষণ ও গবেষণা কেন্দ্র বিষয়ে নিয়ম কী? কী করা উচিত জানালে কৃতজ্ঞ থাকব।"
synth_cov_v3_3de61180636c,criminal_procedure_11_s46,criminal_procedure,coverage,62,0.0256,1.0,"লেখাপড়া বেশি দূর করতে পারিনি। সমস্যাটি প্রায় দুই বছর ধরে চলছে। আমি চাই বিষয়টির একটা শান্তিপূর্ণ সমাধান হোক। বিষয়টি নিয়ে অনেক দিন ধরেই দুশ্চিন্তায় আছি। আমার বিরুদ্ধে আগে কোনো অভিযোগ ছিল না। আদালতে যাওয়ার মতো টাকাপয়সা আমার নেই। ঘটনাটি গত বছরের। থানায় একবার গিয়েছিলাম, কিন্তু ভালো ব্যবহার পাইনি। ঘটনার কোনো সাক্ষী নেই। এলাকার একজন মেম্বারের সঙ্গে কথা বলেছিলাম। “Death” বিষয়ে নিয়ম কী?"
synth_cov_v3_6b7c70e7a06a,other_1429_s65,other,coverage,107,0.0811,1.0,"আমি একজন ছোট ব্যবসায়ী। কয়েক মাস ধরে বিষয়টি নিয়ে টানাপোড়েন চলছে। কার কাছে গেলে সঠিক পরামর্শ পাব বুঝতে পারছি না। গ্রামের মুরব্বিরা বসে একবার সালিস করেছিলেন, তাতেও সমাধান হয়নি। বিষয়টি নিয়ে অনেক দিন ধরেই দুশ্চিন্তায় আছি। আমার পরিচিত একজন বলেছেন এতে নাকি অনেক সময় লাগে। আত্মীয়স্বজনরা দুই পক্ষেই ভাগ হয়ে গেছেন। ঘটনাটি ঘটেছে গত রমজান মাসে। প্রায় তিন বছর ধরে একই সমস্যা চলে আসছে। আমি খুব দুশ্চিন্তায় দিন কাটাচ্ছি। ঘটনাটি গত বছরের। আমার পক্ষে বারবার শহরে যাওয়া কঠিন। আশপাশের লোকজন নানা রকম পরামর্শ দিচ্ছে, কোনটা ঠিক বুঝতে পারছি না। আমি জানি না কোথা থেকে শুরু করব। কতিপয় ক্ষেত্রে বিয়োজন অনুমোদনযোগ্য না হওয়া ক্ষেত্রে আমার কী করা উচিত?"
synth_cov_v3_13bb0af06486,other_24_s87,other,coverage,99,0.0526,1.0,"শহরে এসেছি বছর পাঁচেক হলো। গ্রামের মুরব্বিরা বসে একবার সালিস করেছিলেন, তাতেও সমাধান হয়নি। ঘটনাটি ঘটেছে গত রমজান মাসে। প্রায় তিন বছর ধরে একই সমস্যা চলে আসছে। পরিবারের চাপ রয়েছে দ্রুত একটা সিদ্ধান্ত নেওয়ার। আমার পরিচিত একজন বলেছেন এতে নাকি অনেক সময় লাগে। কয়েকজন শুভাকাঙ্ক্ষী বলছেন মামলা না করতে। ঘটনাটি প্রায় ছয় মাস আগের। শুরুতে বিষয়টিকে তেমন গুরুত্ব দিইনি। এখন পরিস্থিতি আরও খারাপের দিকে যাচ্ছে। আমার পক্ষে বারবার শহরে যাওয়া কঠিন। কার কাছে গেলে সঠিক পরামর্শ পাব বুঝতে পারছি না। কয়েক মাস ধরে বিষয়টি নিয়ে টানাপোড়েন চলছে। Presumption as to books, maps and charts বিষয়ে কোন আইন প্রযোজ্য হবে?"
synth_cov_v3_bf630545c228,other_1181_s63,other,coverage,121,0.075,1.0,"প্রতিবেশীর সঙ্গে একটি সমস্যা হয়েছে। ঘটনাটি গত বছরের। আমি চাই বিষয়টির একটা শান্তিপূর্ণ সমাধান হোক। বিষয়টি স্থানীয়ভাবে মীমাংসার চেষ্টা করেছিলাম, কিন্তু কাজ হয়নি। আমার পক্ষে বারবার শহরে যাওয়া কঠিন। কয়েক মাস ধরে বিষয়টি নিয়ে টানাপোড়েন চলছে। পরিবারের চাপ রয়েছে দ্রুত একটা সিদ্ধান্ত নেওয়ার। আমার পরিচিত একজন বলেছেন এতে নাকি অনেক সময় লাগে। আমার তেমন কোনো আর্থিক সামর্থ্য নেই। আদালতে যাওয়ার মতো টাকাপয়সা আমার নেই। আশপাশের লোকজন নানা রকম পরামর্শ দিচ্ছে, কোনটা ঠিক বুঝতে পারছি না। বিষয়টি নিয়ে অনেক দিন ধরেই দুশ্চিন্তায় আছি। ঘটনাটি প্রায় ছয় মাস আগের। এখন পরিস্থিতি আরও খারাপের দিকে যাচ্ছে। সমস্যাটি প্রায় দুই বছর ধরে চলছে। প্রায় তিন বছর ধরে একই সমস্যা চলে আসছে। গ্রেপ্তারের ক্ষেত্রে অধিনায়কের কর্তব্য নিয়ে আইনে কী বলা আছে? একটু পরামর্শ দিলে ভালো হয়।"
synth_cov_v3_52f2003904e1,other_1142_s4,other,coverage,44,0.0909,1.0,সম্প্রতি একটি সমস্যায় পড়েছি। শুরুতে বিষয়টিকে তেমন গুরুত্ব দিইনি। আমি খুব দুশ্চিন্তায় দিন কাটাচ্ছি। কার কাছে গেলে সঠিক পরামর্শ পাব বুঝতে পারছি না। ঘটনাটি ঘটেছে গত রমজান মাসে। কাগজপত্র সব ঠিকঠাক আছে কি না তা-ও নিশ্চিত নই। বোর্ডের গঠন নিয়ে আইনে কী বলা আছে?
synth_cov_v3_477e724dac6e,other_1283_s20,other,coverage,149,0.08,0.75,"একজন পরিচিত মানুষ বলেছিলেন আইনি পথে যেতে, কিন্তু আমি ভয় পাচ্ছি। আমার তেমন কোনো আর্থিক সামর্থ্য নেই। সমস্যাটি প্রায় দুই বছর ধরে চলছে। কয়েকজন শুভাকাঙ্ক্ষী বলছেন মামলা না করতে। আমার পক্ষে বারবার শহরে যাওয়া কঠিন। আমি চাই বিষয়টির একটা শান্তিপূর্ণ সমাধান হোক। প্রায় তিন বছর ধরে একই সমস্যা চলে আসছে। শুরুতে বিষয়টিকে তেমন গুরুত্ব দিইনি। পরিবারের চাপ রয়েছে দ্রুত একটা সিদ্ধান্ত নেওয়ার। কাগজপত্র সব ঠিকঠাক আছে কি না তা-ও নিশ্চিত নই। আমি খুব দুশ্চিন্তায় দিন কাটাচ্ছি। ঘটনাটি ঘটেছে গত রমজান মাসে। আমি জানি না কোথা থেকে শুরু করব। কয়েক মাস ধরে বিষয়টি নিয়ে টানাপোড়েন চলছে। বিষয়টি স্থানীয়ভাবে মীমাংসার চেষ্টা করেছিলাম, কিন্তু কাজ হয়নি। আত্মীয়স্বজনরা দুই পক্ষেই ভাগ হয়ে গেছেন। ঘটনাটি গত বছরের। এর আগে কখনো এ ধরনের সমস্যায় পড়িনি। আদালতে যাওয়ার মতো টাকাপয়সা আমার নেই। আমার পরিচিত একজন বলেছেন এতে নাকি অনেক সময় লাগে। সদস্য-রেজিস্টারে শাস্তি তথ্য অন্তর্ভুক্তকরণ এবং সনদ বাতিলকরণ বিষয়ে কোন আইন প্রযোজ্য হবে? আইনি পরামর্শ চাই।"
synth_cov_v3_56691f76d710,other_281_s10,other,coverage,37,0.1481,1.0,"আমি একজন সাধারণ নাগরিক। শুরুতে বিষয়টিকে তেমন গুরুত্ব দিইনি। আমি চাই বিষয়টির একটা শান্তিপূর্ণ সমাধান হোক। পরিবারের চাপ রয়েছে দ্রুত একটা সিদ্ধান্ত নেওয়ার। Members, etc., to be public servants বিষয়ে নিয়ম কী? আমাকে একটু পথ বাতলে দিন।"
