qid,question_bn,annotator_a,raw_answer_a,chunk_ids_a,provision_ids_a,selection_details_a,verdict_a,answer_source_a,confidence_a,annotator_b,raw_answer_b,chunk_ids_b,provision_ids_b,selection_details_b,verdict_b,answer_source_b,confidence_b,final_answer,final_chunk_ids,final_provision_ids,final_verdict,final_answer_source,,adjudication_notes,annotator_a_original,annotator_b_original,self_comparison_excluded_from_agreement
prot_0004_04,"পাবলিক প্লেসে ধূমপানের অপরাধে কত দিনের সাজা হতে পারে? ধূমপানের কারণে কাউকে শাস্তি দিতে হলে, আমি কীভাবে পুলিশের সাহায্য পাব? মেরিনা বুশরা কুমিল্লা",Iftiaq,"women_children_1063_s11, women_children_1063_s14","women_children_1063_s11, women_children_1063_s14","women_children_1063_s11, women_children_1063_s14","[{""chunk_id"": ""women_children_1063_s11"", ""provision_id"": ""women_children_1063_s11"", ""act_title"": ""পারিবারিক সহিংসতা (প্রতিরোধ ও সুরক্ষা) আইন, ২০১০"", ""section_number"": ""১১"", ""provision_title"": ""আদালতে আবেদন"", ""provision_text"": ""(১) সংক্ষুব্ধ ব্যক্তি বা তাহার পক্ষে কোন প্রয়োগকারী কর্মকর্তা, সেবা প্রদানকারী বা অন্য কোন ব্যক্তি এই আইনের অধীন প্রতিকার পাইবার জন্য আবেদন করিতে পারিবেন।(২) উপ-ধারা (১) এর অধীন প্রতিটি আবেদন বিধি দ্বারা নির্ধারিত ফরমে করিতে হইবে।(৩) উপ-ধারা (১) এর অধীন আবেদন প্রাপ্তির ৭ (সাত) কার্যদিবসের মধ্যে আদালত সংক্ষুব্ধ ব্যক্তির আবেদন শুনানীর জন্য তারিখ নির্ধারণ করিবে।""}, {""chunk_id"": ""women_children_1063_s14"", ""provision_id"": ""women_children_1063_s14"", ""act_title"": ""পারিবারিক সহিংসতা (প্রতিরোধ ও সুরক্ষা) আইন, ২০১০"", ""section_number"": ""১৪"", ""provision_title"": ""সুরক্ষা আদেশ"", ""provision_text"": ""সংক্ষুব্ধ ব্যক্তি ও প্রতিপক্ষকে শুনানীর সুযোগ প্রদান করিয়া আদালত যদি এই মর্মে সন্তুষ্ট হয় যে, পারিবারিক সহিংসতা ঘটিয়াছে বা ঘটিবার সম্ভাবনা রহিয়াছে, তাহা হইলে সংক্ষুব্ধ ব্যক্তির পক্ষে সুরক্ষা আদেশ প্রদান করিতে পারিবে এবং প্রতিপক্ষকে নিম্নবর্ণিত কাজ করা হইতে বিরত থাকিবার আদেশ প্রদান করিতে পারিবে, যথা :-(ক) পারিবারিক সহিংসতামূলক কোন কাজ সংঘটন;(খ) পারিবারিক সহিংসতামূলক কাজ সংঘটনে সহায়তা করা বা প্ররোচনা প্রদান;(গ) সংক্ষুব্ধ ব্যক্তির কর্মস্থল, ব্যবসা বা শিক্ষা প্রতিষ্ঠান বা অন্যকোন প্রতিষ্ঠান যেখানে সংক্ষুব্ধ ব্যক্তি সচরাচর যাতায়াত করেন সে স্থানে প্রবেশ;(ঘ) সংক্ষুব্ধ ব্যক্তির সহিত ব্যক্তিগত, লিখিত, টেলিফোন, মোবাইল ফোন, ই-মেইল বা অন্য কোন উপায়ে যোগাযোগ;(ঙ) সংক্ষুব্ধ ব্যক্তির উপর নির্ভরশীল বা তাহার কোন আত্মীয় বা অন্যকোন ব্যক্তি, যিনি তাহাকে পারিবারিক সহিংসতা হইতে রক্ষার জন্য সহায়তা প্রদান করিয়াছেন উক্তরূপ ব্যক্তির প্রতি সহিংসতামূলক কাজ;(চ) সুরক্ষা আদেশে উল্লিখিত অন্য যে কোন কাজ।""}]",answered,own_search,3,Sarwad,"consumer_927_s4, consumer_927_s9, consumer_927_s14","consumer_927_s4, consumer_927_s9, consumer_927_s14","consumer_927_s4, consumer_927_s9, consumer_927_s14","[{""chunk_id"": ""consumer_927_s4"", ""provision_id"": ""consumer_927_s4"", ""act_title"": ""ধূমপান ও তামাকজাত দ্রব্য ব্যবহার (নিয়ন্ত্রণ) আইন, ২০০৫"", ""section_number"": ""৪"", ""provision_title"": ""পাবলিক প্লেস এবং পাবলিক পরিবহণে 1 [ধূমপান ও তামাকজাত দ্রব্য ব্যবহার] নিষিদ্ধ"", ""provision_text"": ""(১) ধারা ৭ এর বিধান সাপেক্ষে, কোন ব্যক্তি কোন পাবলিক প্লেস এবং পাবলিক পরিবহণে ধূমপান করিতে পারিবেন না৷6[(২) কোন ব্যক্তি উপ-ধারা (১) এর বিধান লঙ্ঘন করিলে তিনি অনধিক তিনশত টাকা অর্থদণ্ডে দণ্ডনীয় হইবেন এবং উক্ত ব্যক্তি দ্বিতীয়বার বা পুনঃ পুনঃ একই ধরণের অপরাধ সংঘটন করিলে তিনি পর্যায়ক্রমিকভাবে উক্ত দণ্ডের দ্বিগুণ হারে দণ্ডনীয় হইবেন।]""}, {""chunk_id"": ""consumer_927_s9"", ""provision_id"": ""consumer_927_s9"", ""act_title"": ""ধূমপান ও তামাকজাত দ্রব্য ব্যবহার (নিয়ন্ত্রণ) আইন, ২০০৫"", ""section_number"": ""৯"", ""provision_title"": ""কর্তৃত্বপ্রাপ্ত কর্মকর্তার ক্ষমতা"", ""provision_text"": ""(১) এই আইনের বিধান কার্যকর করার উদ্দেশ্যে কর্তৃত্বপ্রাপ্ত কর্মকর্তা স্ব স্ব অধিক্ষেত্রে কোন পাবলিক প্লেস ও পাবলিক পরিবহণে প্রবেশ করিয়া পরিদর্শন করিতে পারিবেন৷(২) এই আইনের বিধান লংঘন করিয়াছেন এমন কোন ব্যক্তিকে কর্তৃত্বপ্রাপ্ত কর্মকর্তা কোন পাবলিক প্লেস বা পাবলিক পরিবহণ হইতে বহিষ্কার করিতে পারিবেন৷(৩) এই আইনের বিধান লংঘন করিয়া কোন ব্যক্তি যদি কোন তামাকজাত দ্রব্য বিক্রয় করেন বা বিক্রয় করার প্রস্তাব করেন, তাহা হইলে কর্তৃত্বপ্রাপ্ত কর্মকর্তা উক্ত তামাকজাত দ্রব্য বিধি দ্বারা নির্ধারিত পদ্ধতিতে ব্যবহার, হস্তান্তর, ধ্বংস বা বাজেয়াপ্ত করিতে পারিবেন৷(৪) উপ-ধারা (৩) এর অধীন কোন কার্যক্রম গৃহীত হইলে তত্সম্পর্কে কার্যক্রম গ্রহণের ৭ দিনের মধ্যে কর্তৃত্বপ্রাপ্ত কর্মকর্তা সরকারকে লিখিতভাবে অবহিত করিবেন৷""}, {""chunk_id"": ""consumer_927_s14"", ""provision_id"": ""consumer_927_s14"", ""act_title"": ""ধূমপান ও তামাকজাত দ্রব্য ব্যবহার (নিয়ন্ত্রণ) আইন, ২০০৫"", ""section_number"": ""১৪"", ""provision_title"": ""অপরাধ বিচারার্থ গ্রহণ এবং জামিনযোগ্য"", ""provision_text"": ""(১)  TheCode of Criminal Procedure, 1898(Act V of 1898) এ যাহা কিছুই থাকুক না কেন, এই আইনের অধীন সকল অপরাধ-(ক) আমলযোগ্য (Cognizable) এবং জামিনযোগ্য (Bailable) হইবে;(খ) যে কোন শ্রেণীর ম্যাজিস্ট্রেট কর্তৃক বিচারযোগ্য হইবে৷(২) কর্তৃত্বপ্রাপ্ত কর্মকর্তার লিখিত অভিযোগ ব্যতিরেকে কোন আদালত এই আইনের অধীন কোন অপরাধ বিচারের জন্য গ্রহণ করিবে না৷""}]",answered,own_search,2,"consumer_927_s4, consumer_927_s14","consumer_927_s4, consumer_927_s14","consumer_927_s4, consumer_927_s14",answered,own_search,,"Section 4 gives the fine and escalating repeat penalty; section 14 states cognizability, magistrate jurisdiction, and that a court requires an authorized officer's written complaint.",Iftiaq,Sarwad,False
prot_0009_01,আমরা সাত ভাইবোন ছিলাম। ১১ বছর আগে মেজো বোন মারা গেছে। আর তিন বছর হলো মেজো ভাই মারা গেছেন। মেজো ভাইয়ের সম্পদ নিয়ে সমস্যা দেখা দিয়েছে। তাঁর জমি ও ব্যাংকের টাকার ওয়ারিশ কে হবে?,Sarwad,none,,,[],not_found,none,1,Sarwad,other_173_s2,other_173_s2,other_173_s2,"[{""chunk_id"": ""other_173_s2"", ""provision_id"": ""other_173_s2"", ""act_title"": ""The Muslim Personal Law (Shariat) Application Act, 1937"", ""section_number"": ""2"", ""provision_title"": ""Application of Personal Law to Muslims"", ""provision_text"": ""Notwithstanding any custom or usage to the contrary, in all questions (save questions relating to agricultural land) regarding intestate succession, special property of females, including personal property inherited or obtained under contract or gift or any other provision of Personal Law, marriage, dissolution of marriage, including talaq, ila, zihar, lian, khula and mubaraat, maintenance, dower, guardianship, gifts, trusts and trust properties, and waqfs (other than charities and charitable institutions and charitable and religious endowments) the rule of decision in cases where the parties are Muslims shall be the Muslim Personal Law (Shariat).""}]",answered,own_search,1,other_173_s2,other_173_s2,other_173_s2,answered,own_search,,"The question lacks enough surviving-family detail to calculate shares, but the Shariat Application Act is the selected corpus provision governing a Muslim decedent's intestate succession.",Sarwad,Sorup,True
prot_0014_02,"আমি বিয়ে করি ২০০৮ সালের ১৬ ডিসেম্বর। বিয়ের এক মাস পার হওয়ার পর তার সঙ্গে আমার সমস্যার সৃষ্টি হয়। আমি তাকে ২০১০ সালের আগস্টে তালাক দিই। সে তালাকের চিঠি পাওয়ার পরে, আমার নামে একটি যৌতুকের মামলা করে। আদালত এই মামলায় গত মার্চ মাসে আমার পক্ষে রায় দেন। কিন্তু এখন পর্যন্ত সে আমার নামে কোনো পারিবারিক মামলা করেনি। আমার কাছে তার পক্ষ থেকে কোনো কাবিনের টাকা চাওয়া হয়নি। যৌতুকের মামলার রায়ের কত দিন, মাস বা বছর পর্যন্ত সময় থাকে? এই পারিবারিক মামলা করতে আমাকে সঠিক পরামর্শ দিলে আমি আপনার কাছে উপকৃত থাকবে",Iftiaq,criminal_procedure_75_s417,criminal_procedure_75_s417,criminal_procedure_75_s417,"[{""chunk_id"": ""criminal_procedure_75_s417"", ""provision_id"": ""criminal_procedure_75_s417"", ""act_title"": ""The Code of Criminal Procedure, 1898"", ""section_number"": ""417"", ""provision_title"": null, ""provision_text"": ""431[(1) Subject to the provisions of sub-section (4), the Government may, in any case, direct the Public Prosecutor to present an appeal-(a)\tto the High Court Division from an original or appellate Order of acquittal passed by any Court of Session;(b) \tto the Court of Session from an original or appellate Order of acquittal passed by any Magistrate.]432[(2) Notwithstanding anything contained in section 418, if such an order is passed in any case instituted upon complaint, and if the order involves an error of law occasioning failure of justice, the complainant may present an appeal-(a) \tto the High Court Division from an original order of acquittal passed by any Court of Session;(b) \tto the Court of Session from an original order of acquittal passed by any Magistrate.](3) No appeal by the complaint from an order of acquittal shall be entertained by the High Court Division433[or a Court of Session] after the expiry of sixty days from the date of the order of acquittal.(4) If, in any case, the admission of an appeal from an order of acquittal is refused, no appeal from that order of acquittal shall lie under sub-section (1).""}]",answered,own_search,2,Sarwad,none,,,[],not_found,none,1,criminal_procedure_75_s417,criminal_procedure_75_s417,criminal_procedure_75_s417,answered,own_search,,"CrPC section 417(3) directly sets sixty days for a complainant's appeal from an acquittal, matching the lawyer's two-month answer.",Sifat,Sorup,False
prot_0043_01,"আমি একটি মেয়েকে ভালোবাসি। মেয়েটিও আমাকে ভালোবাসে। মেয়েটি জাতিতে ত্রিপুরা। বর্তমানে ১০ম শ্রেণীতে পড়ে। বয়স ১৭ বছর। তাকে আমি দুই বছর পর বিয়ে করতে চাই। আমি কি তাকে সাধারণভাবে বিয়ে করতে পারব? বিয়ের পর তার পরিবার আইনি ব্যবস্থা নিলে আমার কোনো সমস্যা হবে না তো? বিয়ের পর তার লেখাপড়ার সনদ কি আগের নামেই হবে, নাকি আমার দেওয়া নতুন নামে হতে পারে? মো. হূদয় ইসলাম (ছদ্মনাম) দিনাজপুর",Iftiaq,family_305_s7,family_305_s7,family_305_s7,"[{""chunk_id"": ""family_305_s7"", ""provision_id"": ""family_305_s7"", ""act_title"": ""The Muslim Family Laws Ordinance, 1961"", ""section_number"": ""7"", ""provision_title"": ""Talaq"", ""provision_text"": ""(1) Any man who wishes to divorce his wife shall, as soon as may be after the pronouncement of talaq in any form whatsoever, give the Chairman notice in writing of his having done so, and shall supply a copy thereof to the wife.(2) Whoever contravenes the provisions of sub-section (1) shall be punishable with simple imprisonment for term which may extend to one year or with fine which may extend to10[ten thousand taka] or with both.(3) Save as provided in sub-section (5), a talaq unless revoked earlier, expressly or otherwise, shall not be effective until the expiration of ninety days from the day on which notice under sub-section (1) is delivered to the Chairman.(4) Within thirty days of the receipt of notice under sub-section (1), the Chairman shall constitute an Arbitration Council for the purpose of bringing about a reconciliation between the parties, and the Arbitration Council shall take all steps necessary to bring about such reconciliation.(5) If the wife be pregnant at the time talaq is pronounced, talaq shall not be effective until the period mentioned in sub-section (3) or the pregnancy, whichever be later, ends.(6) Nothing shall debar a wife whose marriage has been terminated by talaq effective under this section from re-marrying the same husband, without an intervening marriage with a third-person, unless such termination is for the third time so effective.""}]",answered,own_search,3,Sarwad,none,,,[],not_found,none,1,none,,,not_found,none,,"MFLO section 7 concerns divorce and is unrelated. The question combines future inter-community marriage and later name/certificate changes, but neither displayed selection directly answers it.",Iftiaq,Sarwad,False
prot_0045_04,আমার বয়স ২৯। আমি ১৯ জানুয়ারি ২০১২ তারিখে বিয়ে করি। স্ত্রীর বয়স মাত্র ১৩ বছর। কিন্তু কাবিননামায় ১৮ বছর দেখানো হয়েছে। বর্তমানে আমার স্ত্রীর বয়স ১৪ বছর। বিয়ের পর আমার শ্বশুরের পরিবার এবং আমার পরিবার বড় রকমের ঝগড়া-বিবাদ করে। আমার ও আমার স্ত্রীর মধ্যে সেটা বড় আকার ধারণ করে। বর্তমানে এমন পরিস্থিতিতে পৌঁছেছে যে আমার স্ত্রীকে আমার পরিবারও মেনে নেবে না এবং আমিও তাকে নিয়ে আর সংসার করব না। এ অবস্থায় আমি কী করতে পারি? আমার স্ত্রী কোনো দিনও আমাকে তালাক দেবে না। নাম ও ঠিকানা প্রকাশে অনিচ্ছুক,Iftiaq,"family_1444_s5, family_64_s17","family_1444_s5, family_64_s17","family_1444_s5, family_64_s17","[{""chunk_id"": ""family_1444_s5"", ""provision_id"": ""family_1444_s5"", ""act_title"": ""পারিবারিক আদালত আইন, ২০২৩"", ""section_number"": ""৫"", ""provision_title"": ""পারিবারিক আদালতের এখতিয়ার"", ""provision_text"": ""মুসলিম পারিবারিক আইনের বিধানাবলি সাপেক্ষে, পারিবারিক আদালতে নিম্নরূপ সকল বা যেকোনো বিষয় সম্পর্কিত বা উহা হইতে উদ্ভূত যেকোনো মোকদ্দমা গ্রহণ, বিচার এবং নিষ্পত্তির এখতিয়ার থাকিবে, যথা :-(ক) বিবাহ বিচ্ছেদ;(খ) দাম্পত্য অধিকার পুনরুদ্ধার;(গ) দেনমোহর;(ঘ) ভরণপোষণ; এবং(ঙ) শিশু সন্তানদের অভিভাবকত্ব ও তত্ত্বাবধান।""}, {""chunk_id"": ""family_64_s17"", ""provision_id"": ""family_64_s17"", ""act_title"": ""The Guardians and Wards Act, 1890"", ""section_number"": ""17"", ""provision_title"": ""Matters to be considered by the Court in appointing guardian"", ""provision_text"": ""(1) In appointing or declaring the guardian of a minor, the Court shall, subject to the provisions of this section, be guided by what, consistently with the law to which the minor is subject, appears in the circumstances to be for the welfare of the minor.(2) In considering what will be for the welfare of the minor, the Court shall have regard to the age, sex and religion of the minor, the character and capacity of the proposed guardian and his nearness of kin to the minor, the wishes, if any, of a deceased parent, and any existing or previous relations of the proposed guardian with the minor or his property.(3) If the minor is old enough to form an intelligent preference, the Court may consider that preference.11[* * *](5) The Court shall not appoint or declare any person to be a guardian against his will.""}]",answered,own_search,3,Sarwad,family_305_s7,family_305_s7,family_305_s7,"[{""chunk_id"": ""family_305_s7"", ""provision_id"": ""family_305_s7"", ""act_title"": ""The Muslim Family Laws Ordinance, 1961"", ""section_number"": ""7"", ""provision_title"": ""Talaq"", ""provision_text"": ""(1) Any man who wishes to divorce his wife shall, as soon as may be after the pronouncement of talaq in any form whatsoever, give the Chairman notice in writing of his having done so, and shall supply a copy thereof to the wife.(2) Whoever contravenes the provisions of sub-section (1) shall be punishable with simple imprisonment for term which may extend to one year or with fine which may extend to10[ten thousand taka] or with both.(3) Save as provided in sub-section (5), a talaq unless revoked earlier, expressly or otherwise, shall not be effective until the expiration of ninety days from the day on which notice under sub-section (1) is delivered to the Chairman.(4) Within thirty days of the receipt of notice under sub-section (1), the Chairman shall constitute an Arbitration Council for the purpose of bringing about a reconciliation between the parties, and the Arbitration Council shall take all steps necessary to bring about such reconciliation.(5) If the wife be pregnant at the time talaq is pronounced, talaq shall not be effective until the period mentioned in sub-section (3) or the pregnancy, whichever be later, ends.(6) Nothing shall debar a wife whose marriage has been terminated by talaq effective under this section from re-marrying the same husband, without an intervening marriage with a third-person, unless such termination is for the third time so effective.""}]",answered,own_search,3,family_305_s7,family_305_s7,family_305_s7,answered,own_search,,The asked remedy is how the husband can end the marriage; MFLO section 7 directly states his talaq notice and effective-date procedure. Guardianship is unrelated.,Iftiaq,Sarwad,False
prot_0046_04,"ছয় মাস আগে একটি ছেলের সঙ্গে মাত্র ১১ দিনের পরিচয়ে গোপনে বিয়ে হয়। আবেগের বশবর্তী হয়েই এ কাজটি করি। আমাদের বিয়ের ব্যাপারটা জানাজানি হলে আমার মা-বাবা আমাকে শ্বশুরবাড়ি পাঠিয়ে দেন। কিন্তু শ্বশুরবাড়ির লোকজন আমাকে নানাভাবে মানসিক অত্যাচার করে। মাস দুয়েক যেতে না-যেতেই আমি জানতে পারি, আমার স্বামীর বিয়ের আগে অনেক মেয়ের সঙ্গে শারীরিক সম্পর্ক ছিল। সে যে আমার শরীরটাকে ভালোবেসে আমাকে বিয়ে করেছিল, এ কথা সে নিজের মুখে স্বীকার করেছে। রাগ করে আমি তাকে মৌখিকভাবে তালাক দিয়ে বাবার বাসায় চলে আসি। তাকে আইনগতভাবে তালাক দিলে কি আমি দেনমোহরের টাকা পাব? তালাক দেওয়ার কথা সে ফোনে রেকর্ড করে রেখেছে। তার ধারণা, আমি তালাক দিলে তাকে আর দেনমোহরের টাকা পরিশোধ করতে হবে না। নাম প্রকাশে অনিচ্ছুক",Iftiaq,"family_305_s10, family_1444_s5, family_305_s7","family_305_s10, family_1444_s5, family_305_s7","family_305_s10, family_1444_s5, family_305_s7","[{""chunk_id"": ""family_305_s10"", ""provision_id"": ""family_305_s10"", ""act_title"": ""The Muslim Family Laws Ordinance, 1961"", ""section_number"": ""10"", ""provision_title"": ""Dower"", ""provision_text"": ""Where no details about the mode of payment of dower are specified in the nikah nama, or the marriage contract, the entire amount of the dower shall be prescribed to be payable on demand.""}, {""chunk_id"": ""family_1444_s5"", ""provision_id"": ""family_1444_s5"", ""act_title"": ""পারিবারিক আদালত আইন, ২০২৩"", ""section_number"": ""৫"", ""provision_title"": ""পারিবারিক আদালতের এখতিয়ার"", ""provision_text"": ""মুসলিম পারিবারিক আইনের বিধানাবলি সাপেক্ষে, পারিবারিক আদালতে নিম্নরূপ সকল বা যেকোনো বিষয় সম্পর্কিত বা উহা হইতে উদ্ভূত যেকোনো মোকদ্দমা গ্রহণ, বিচার এবং নিষ্পত্তির এখতিয়ার থাকিবে, যথা :-(ক) বিবাহ বিচ্ছেদ;(খ) দাম্পত্য অধিকার পুনরুদ্ধার;(গ) দেনমোহর;(ঘ) ভরণপোষণ; এবং(ঙ) শিশু সন্তানদের অভিভাবকত্ব ও তত্ত্বাবধান।""}, {""chunk_id"": ""family_305_s7"", ""provision_id"": ""family_305_s7"", ""act_title"": ""The Muslim Family Laws Ordinance, 1961"", ""section_number"": ""7"", ""provision_title"": ""Talaq"", ""provision_text"": ""(1) Any man who wishes to divorce his wife shall, as soon as may be after the pronouncement of talaq in any form whatsoever, give the Chairman notice in writing of his having done so, and shall supply a copy thereof to the wife.(2) Whoever contravenes the provisions of sub-section (1) shall be punishable with simple imprisonment for term which may extend to one year or with fine which may extend to10[ten thousand taka] or with both.(3) Save as provided in sub-section (5), a talaq unless revoked earlier, expressly or otherwise, shall not be effective until the expiration of ninety days from the day on which notice under sub-section (1) is delivered to the Chairman.(4) Within thirty days of the receipt of notice under sub-section (1), the Chairman shall constitute an Arbitration Council for the purpose of bringing about a reconciliation between the parties, and the Arbitration Council shall take all steps necessary to bring about such reconciliation.(5) If the wife be pregnant at the time talaq is pronounced, talaq shall not be effective until the period mentioned in sub-section (3) or the pregnancy, whichever be later, ends.(6) Nothing shall debar a wife whose marriage has been terminated by talaq effective under this section from re-marrying the same husband, without an intervening marriage with a third-person, unless such termination is for the third time so effective.""}]",answered,own_search,3,Sarwad,"family_180_s5, family_305_s8","family_180_s5, family_305_s8","family_180_s5, family_305_s8","[{""chunk_id"": ""family_180_s5"", ""provision_id"": ""family_180_s5"", ""act_title"": ""The Dissolution of Muslim Marriages Act, 1939"", ""section_number"": ""5"", ""provision_title"": ""Rights to dower not to be affected"", ""provision_text"": ""Nothing contained in this Act shall affect any right which a married woman may have under Muslim law to her dower or any part thereof on the dissolution of her marriage.""}, {""chunk_id"": ""family_305_s8"", ""provision_id"": ""family_305_s8"", ""act_title"": ""The Muslim Family Laws Ordinance, 1961"", ""section_number"": ""8"", ""provision_title"": ""Dissolution of marriage otherwise than by talaq"", ""provision_text"": ""Where the right to divorce has been duly delegated to the wife and she wishes to exercise that right, or where any of the parties to a marriage wishes to dissolve the marriage otherwise than by talaq, the provisions of section 7 shall, mutatis mutandis  and so far as applicable, apply.""}]",answered,own_search,1,"family_180_s5, family_305_s8, family_1444_s5","family_180_s5, family_305_s8, family_1444_s5","family_180_s5, family_305_s8, family_1444_s5",answered,own_search,,"Section 5 expressly preserves dower rights after dissolution, MFLO section 8 governs wife-initiated/delegated dissolution, and Family Courts Act section 5 supplies jurisdiction over dissolution and dower.",Iftiaq,Sorup,False
prot_0048_03,"১০ বছর আগে আমার বিয়ে হয়, সাত বছরের একটি ছেলে আছে। বিয়ের পর থেকেই স্বামীর সঙ্গে আমার বনিবনা হচ্ছে না। তার পরও সংসার করছিলাম। হঠাৎ করে আমার সঙ্গে একজনের সম্পর্ক হয়। নানা কারণে সাত মাস আগে আমি অসুস্থ হয়ে আবার বাবার বাসায় চলে আসি। এর মধ্যে একবার এতটাই অসুস্থ হয়ে পড়ি যে বাড়ি থেকে বেরিয়ে গিয়েছিলাম। প্রায় সাত দিন কোথায় ছিলাম, কী করেছি কিছুই মনে নেই। এই সময়ে আমার স্বামী আমার বাবা-মায়ের কাছে এসে তালাক চায় এবং নানা ধরনের বাজে কথা বলে। সে আমাদের সব আত্মীয়স্বজনকে বলে বেড়ায় যে আমি নাকি ওই ছেলের সঙ্গে চলে গিয়েছি। এখন সে আমাকে আর তার সংসারে তো নেবেই না বরং বাড়িতে আমার ও আমার বাবার দেওয়া যেসব মালামাল রয়েছে, সেগুলো দিতে নারাজ। সে বলে বেড়াচ্ছে যে তার এই ১০ বছরের বিবাহিত জীবনের সব ক্ষতিপূরণ নাকি আমাকেই বহন করতে হবে। আজ প্রায় সাত-আট মাস যাবৎ আমার ও আমার ছেলের কোনো ভরণপোষণ দেয়নি। এমনকি সে এখন আমার ছেলেকেও আমার কাছ থেকে নিয়ে যেতে চাইছে। এ অবস্থায় আমি কী করতে পারি?নাম প্রকাশে অনিচ্ছুক",Sarwad,"women_children_1063_s16, women_children_1063_s15_p1, family_64_s17","women_children_1063_s16, women_children_1063_s15_p1, family_64_s17","women_children_1063_s16, women_children_1063_s15, family_64_s17","[{""chunk_id"": ""women_children_1063_s16"", ""provision_id"": ""women_children_1063_s16"", ""act_title"": ""পারিবারিক সহিংসতা (প্রতিরোধ ও সুরক্ষা) আইন, ২০১০"", ""section_number"": ""১৬"", ""provision_title"": ""ক্ষতিপূরণ আদেশ"", ""provision_text"": ""(১) সংক্ষুব্ধ ব্যক্তির শারীরিক, মানসিক, আর্থিক, স্থাবর বা অস্থাবর সম্পত্তির ক্ষতি হইলে বা ক্ষতির সম্ভাবনা থাকিলে, ধারা ১১ এর অধীন আবেদনের সহিত অথবা পরবর্তীতে পৃথক দরখাস্তের মাধ্যমে আদালতের নিকট ক্ষতিপূরণের জন্য আবেদন করা যাইবে।(২) উপ-ধারা (১) এর অধীন আবেদন প্রাপ্তির ৬ (ছয়) মাসের মধ্যে আদালত উক্ত আবেদন নিষ্পত্তি করিবে।(৩) উপ-ধারা (১) এর অধীন প্রাপ্ত আবেদন নিষ্পত্তির ক্ষেত্রে পক্ষসমূহকে শুনানীর সুযোগ প্রদান করিয়া, উপ-ধারা (৪) এর বিধান সাপেক্ষে, আদালত যেরূপ উপযুক্ত মনে করিবে সেইরূপ  আর্থিক ক্ষতিপূরণ সংক্ষুব্ধ ব্যক্তিকে প্রদানের জন্য প্রতিপক্ষকে আদেশ দিতে পারিবে।(৪) উপ-ধারা (১) এর অধীন প্রাপ্ত আবেদন নিষ্পত্তির পূর্বে ক্ষতির প্রকৃত পরিমাণ নিরূপণের উদ্দেশ্যে কোন ব্যক্তি বা প্রতিষ্ঠানকে আদালত দায়িত্ব অর্পণ করিতে পারিবে এবং ক্ষতিপূরণের আবেদন শুনানীর সময় আদালত নিম্নবর্ণিত বিষয়সমূহ বিবেচনা করিবে, যথা :-(ক) সংক্ষুব্ধ ব্যক্তির আঘাত, ভোগান্তি, শারীরিক ও মানসিক ক্ষতির প্রকৃতি ও পরিমাণ;(খ) ক্ষতির জন্য চিকিৎসা খরচ;(গ) ক্ষতির স্বল্প ও দীর্ঘ মেয়াদী প্রভাব;(ঘ) ক্ষতির কারণে বর্তমান এবং ভবিষ্যৎ উপার্জনের উপর উহার প্রভাব;(ঙ) সংক্ষুব্ধ ব্যক্তির যে পরিমাণ স্থাবর বা অস্থাবর সম্পত্তি স্থানান্তর, হস্তান্তর, ধ্বংস বা ক্ষতি করা হইয়াছে উহার পরিমাণ ও মূল্য;(চ) পারিবারিক সহিংসতার কারণে সংক্ষুব্ধ ব্যক্তি বা তাহার পক্ষে অন্য কোন ব্যক্তি কর্তৃক ইতোমধ্যে ব্যয়িত অর্থের যুক্তিসঙ্গত পরিমাণ।(৫) আদালত সংক্ষুব্ধ ব্যক্তি এবং তাহার সন্তানের ভরণ পোষণের জন্য, তিনি যেরূপ জীবনযাত্রার অভ্যস্ত সেইরূপ জীবনযাত্রার জন্য পর্যাপ্ত ও যুক্তিযুক্ত অর্থ প্রদানের জন্য প্রতিপক্ষকে আদেশ দিতে পারিবে।(৬) আদালত উপযুক্ত মনে করিলে, এককালীন বা মাসিক পরিশোধযোগ্য ভরণপোষণের আদেশ দিতে পারিবে।(৭) আদালত এই ধারার অধীন প্রদত্ত ক্ষতিপূরণ আদেশের অনুলিপি সংশ্লিষ্ট পক্ষসমূহ এবং সংশ্লিষ্ট থানার ভারপ্রাপ্ত কর্মকর্তার নিকট প্রেরণ করিবে, যাহার অধিক্ষেত্রের মধ্যে প্রতিপক্ষ সাধারণতঃ বসবাস করেন বা অবস্থান করেন।(৮) প্রতিপক্ষ সরকারি, বেসরকারি, আধা-সরকারি বা স্বায়ত্তশাসিত প্রতিষ্ঠানে চাকরিজীবী হইলে ক্ষতিপূরণ আদেশের একটি অনুলিপি প্রতিপক্ষের ঊধবর্তন কতৃর্পক্ষ বরাবর প্রেরণ করিবে।(৯) উপ-ধারা (৩) এর অধীন আদেশ অনুসারে প্রতিপক্ষ ক্ষতিপূরণ দিতে ব্যর্থ হইলে, আদালত প্রতিপক্ষের নিয়োগকারী কর্তৃপক্ষ বা যাহার অধীনে তিনি কর্মরত রহিয়াছেন তাহাকে উক্তরূপ ক্ষতিপূরণ সংক্ষুব্ধ ব্যক্তি বরাবর পরিশোধের নিমিত্ত প্রতিপক্ষের মজুরী, বেতন বা অন্য কোন পাওনা হইতে নির্ধারিত অংশ সংক্ষুব্ধ ব্যক্তিকে সরাসরি অথবা তাহার ব্যাংক এ্যাকাউন্টে জমা প্রদানের জন্য নির্দেশ প্রদান করিতে পারিবে।(১০) এই ধারার অধীন প্রদত্ত ক্ষতিপূরণ আদেশের অর্থPublic Demands Recovery Act, 1913(Bengal Act III of 1913)এর বিধান অনুযায়ী আদায় করা যাইবে।""}, {""chunk_id"": ""women_children_1063_s15_p1"", ""provision_id"": ""women_children_1063_s15"", ""act_title"": ""পারিবারিক সহিংসতা (প্রতিরোধ ও সুরক্ষা) আইন, ২০১০"", ""section_number"": ""১৫"", ""provision_title"": ""বসবাস আদেশ"", ""provision_text"": ""অংশ বিশেষ সংক্ষুব্ধ ব্যক্তির অনুকূলে দখলে রাখিবার আদেশ প্রদান করা হইলেও উক্ত আদেশ উক্ত বাসগৃহে প্রতিপক্ষের স্বত্ব ও স্বার্থকে ক্ষুন্ন করিবে না।(৩) যদি আদালতের এই মর্মে বিশ্বাস করিবার যুক্তিসংগত কারণ থাকে যে, সংক্ষুব্ধ ব্যক্তির নিরাপত্তা নিশ্চিত করিবার জন্য প্রতিপক্ষকে অংশীদারী বাসগৃহ হইতে সাময়িকভাবে উচ্ছেদ করা প্রয়োজন, তাহা হইলে আদালত প্রতিপক্ষকে অংশীদারী বাসগৃহ হইতে সাময়িক উচ্ছেদের আদেশ প্রদান করিতে পারিবে :তবে শর্ত থাকে যে, এইরূপ আদেশ অকার্যকর হইবে, যদি-(ক) সংক্ষুব্ধ ব্যক্তির জন্য সুবিধাজনক নিরাপদ আশ্রয় বা নিরাপদ স্থান বা বিকল্প বাসগৃহ প্রদান করা সম্ভব হয়; অথবা(খ) আদালতের নিকট সন্তোজনকভাবে প্রতীয়মান হয় যে, উক্তরূপ উচ্ছেদ আদেশ বহাল রাখিবার আর কোন প্রয়োজন নাই।(৪) আদালতের নিকট উপযুক্ত বলিয়া বিবেচিত হইলে সংক্ষুব্ধ ব্যক্তি বা তাহার সন্তান অথবা তাহার পরিবারের অন্য কোন সদস্যের নিরাপত্তার স্বার্থে অন্য যে কোন শর্ত আরোপ বা নির্দেশনা প্রদান করিতে পারিবে।(৫) প্রতিপক্ষকে জামানতসহ বা জামানত ব্যতীত এই মর্মে মুচলেকা সম্পাদনের আদেশ দিতে পারিবে যে, তিনি বা তাহার পরিবারের অন্য কোন সদস্য ভবিষ্যতে পারিবারিক সহিংসতামূলক কাজ করিবেন না।(৬) উপ-ধারা (১), (২) অথবা (৩) এর অধীন আদেশ প্রদানের সময় আদালত সংক্ষুব্ধ ব্যক্তি বা তাহার সন্তানের নিরাপত্তা নিশ্চিত করিবার লক্ষো সংশ্লিষ্ট থানার ভারপ্রাপ্ত কর্মকর্তাকে প্রয়োজনীয় ব্যবস্থা গ্রহণের জন্য লিখিত আদেশ প্রদান করিতে পারিবে।(৭) আদালত সংক্ষুব্ধ ব্যক্তির মালিকানাধীন যে কোন স্থাবর সম্পত্তি, স্ত্রীধন, উপহার সামগ্রী বা বিবাহের সময় অর্জিত যে কোন সম্পদ এবং অস্থাবর সম্পত্তি, মূল্যবান দলিল, সনদ এবং অন্য কোন সম্পদ বা মূল্যবান জামানত তাহাকে ফেরত প্রদান করিবার জন্য প্রতিপক্ষকে আদেশ দিতে পারিবে।""}, {""chunk_id"": ""family_64_s17"", ""provision_id"": ""family_64_s17"", ""act_title"": ""The Guardians and Wards Act, 1890"", ""section_number"": ""17"", ""provision_title"": ""Matters to be considered by the Court in appointing guardian"", ""provision_text"": ""(1) In appointing or declaring the guardian of a minor, the Court shall, subject to the provisions of this section, be guided by what, consistently with the law to which the minor is subject, appears in the circumstances to be for the welfare of the minor.(2) In considering what will be for the welfare of the minor, the Court shall have regard to the age, sex and religion of the minor, the character and capacity of the proposed guardian and his nearness of kin to the minor, the wishes, if any, of a deceased parent, and any existing or previous relations of the proposed guardian with the minor or his property.(3) If the minor is old enough to form an intelligent preference, the Court may consider that preference.11[* * *](5) The Court shall not appoint or declare any person to be a guardian against his will.""}]",answered,own_search,2,Iftiaq,family_1444_s5,family_1444_s5,family_1444_s5,"[{""chunk_id"": ""family_1444_s5"", ""provision_id"": ""family_1444_s5"", ""act_title"": ""পারিবারিক আদালত আইন, ২০২৩"", ""section_number"": ""৫"", ""provision_title"": ""পারিবারিক আদালতের এখতিয়ার"", ""provision_text"": ""মুসলিম পারিবারিক আইনের বিধানাবলি সাপেক্ষে, পারিবারিক আদালতে নিম্নরূপ সকল বা যেকোনো বিষয় সম্পর্কিত বা উহা হইতে উদ্ভূত যেকোনো মোকদ্দমা গ্রহণ, বিচার এবং নিষ্পত্তির এখতিয়ার থাকিবে, যথা :-(ক) বিবাহ বিচ্ছেদ;(খ) দাম্পত্য অধিকার পুনরুদ্ধার;(গ) দেনমোহর;(ঘ) ভরণপোষণ; এবং(ঙ) শিশু সন্তানদের অভিভাবকত্ব ও তত্ত্বাবধান।""}]",answered,own_search,2,"women_children_1063_s16, women_children_1063_s15_p1, family_64_s17","women_children_1063_s16, women_children_1063_s15_p1, family_64_s17","women_children_1063_s16, women_children_1063_s15, family_64_s17",answered,own_search,,"The three provisions map to the three concrete requests: maintenance, return/protection of marital property, and the child's welfare-based custody decision.",Sarwad,Sifat,False
prot_0055_01,"এক বছর আগে রাজশাহীতে আমার ফুফুর বাড়ি বেড়াতে যাই। সেখানে গিয়ে একটি মেয়েকে আমার খুব ভালো লেগে যায়। সেও আমাকে পছন্দ করে। আমাদের সম্পর্ক চলতে থাকে। গত জানুয়ারিতে আমার ফুফুর বাড়িতে বেড়াতে গিয়ে জানতে পারি, সে আমার দাদির বোনের মেয়ে। এখন খুব চিন্তায় আছি। আমার প্রশ্ন, ইসলাম ধর্ম অনুযায়ী আমি কি তাকে বিয়ে করতে পারি? আমার পরিবার কখনো এ বিয়েতে রাজি হবে না। এখন আমি কী করব। নাম প্রকাশে অনিচ্ছুক",Sarwad,none,,,[],not_found,none,2,Sarwad,other_173_s2,other_173_s2,other_173_s2,"[{""chunk_id"": ""other_173_s2"", ""provision_id"": ""other_173_s2"", ""act_title"": ""The Muslim Personal Law (Shariat) Application Act, 1937"", ""section_number"": ""2"", ""provision_title"": ""Application of Personal Law to Muslims"", ""provision_text"": ""Notwithstanding any custom or usage to the contrary, in all questions (save questions relating to agricultural land) regarding intestate succession, special property of females, including personal property inherited or obtained under contract or gift or any other provision of Personal Law, marriage, dissolution of marriage, including talaq, ila, zihar, lian, khula and mubaraat, maintenance, dower, guardianship, gifts, trusts and trust properties, and waqfs (other than charities and charitable institutions and charitable and religious endowments) the rule of decision in cases where the parties are Muslims shall be the Muslim Personal Law (Shariat).""}]",answered,own_search,1,other_173_s2,other_173_s2,other_173_s2,answered,own_search,,The selected provision makes Muslim personal law the governing rule for the marriage question; the corpus has no more specific codified prohibited-degree provision.,Sarwad,Sorup,True
prot_0058_01,"আমি দ্বাদশ শ্রেণীতে পড়ি। মেজো দুলাভাই বিদেশে থাকেন। ছয় মাস আগে তিনি আমাকে স্বামীসহ বিদেশে নিয়ে যেতে চেয়েছিলেন। তখন আমি অবিবাহিত ছিলাম। তারপর আমার বড় বোনের দূর-সম্পর্কের এক দেবরের সঙ্গে বিয়ে ঠিক হয়। আমাদের পরিবারের সম্মতিতে একটি নকল কাবিননামা তৈরি করা হয়, যা বিদেশে কাগজপত্র পাঠানোর জন্য দরকার ছিল। কাবিনে শুধু আমার সই ছিল। ছেলেদের পরিবারের সঙ্গে কথা ছিল দুজন বিদেশে যেতে পারলে বিয়ে হবে, অন্যথায় বিয়ে হবে না। আমরা ভিসা পাইনি। কিন্তু এই সময়ে আমাদের মধ্যে একটা সম্পর্ক গড়ে ওঠে। এখন পরিবার থেকে বলছে, আমি যেন তার সঙ্গে যোগাযোগ না রাখি। কিন্তু আমরা বিয়ে করে সংসার করতে চাই। আমার প্রশ্ন, আমাদের আগের কাবিননামা কি গ্রহণযোগ্য?ঠিকানা ও নাম প্রকাশে অনিচ্ছুক",Iftiaq,"other_36_s42_p0, other_36_s8","other_36_s42_p0, other_36_s8","other_36_s42, other_36_s8","[{""chunk_id"": ""other_36_s42_p0"", ""provision_id"": ""other_36_s42"", ""act_title"": ""The Specific Relief Act, 1877"", ""section_number"": ""42"", ""provision_title"": ""Discretion of Court as to declaration of status or right. Bar to such declaration"", ""provision_text"": ""Any person entitled to any legal character, or to any right as to any property, may institute a suit against any person denying, or interested to deny, his title to such character or right, and the Court may in its discretion make therein a declaration that he is so entitled, and the plaintiff need not in such suit ask for any further relief:Provided that no Court shall make any such declaration where the plaintiff, being able to seek further relief than a mere declaration of title, omits to do so.Explanation - A trustee of property is a \""person interested to deny\"" a title adverse to the title of some one who is not in existence, and for whom, if in existence, he would be a trustee.Illustrations(a) A is lawfully in possession of certain land. The inhabitants of a neighboring village claim a right of way across the land. A may sue for a declaration that they are not entitled to the right so claimed.(b) A bequeaths his property to B, C and D, “to be equally divided amongst all and each of them, if living at the time of my death, then amongst their surviving children\"". No such children are in existence. In a suit against A's executor, the Court may declare whether B, C and D took the property absolutely, or only for their lives, and it may also declare the interests of the children before their rights are vested.(c) A covenants that, if he should at any time""}, {""chunk_id"": ""other_36_s8"", ""provision_id"": ""other_36_s8"", ""act_title"": ""The Specific Relief Act, 1877"", ""section_number"": ""8"", ""provision_title"": ""Recovery of specific immoveable property"", ""provision_text"": ""A person entitled to the possession of specific immoveable property may recover it in the manner prescribed by the Code of Civil Procedure.""}]",answered,own_search,3,Sarwad,family_476_s3,family_476_s3,family_476_s3,"[{""chunk_id"": ""family_476_s3"", ""provision_id"": ""family_476_s3"", ""act_title"": ""The Muslim Marriages and Divorces (Registration) Act, 1974"", ""section_number"": ""3"", ""provision_title"": ""Registration of marriages"", ""provision_text"": ""Notwithstanding anything contained in any law, custom or usage, every marriage solemnized under Muslim law shall be registered in accordance with the provisions of this Act.""}]",answered,own_search,1,family_476_s3,family_476_s3,family_476_s3,answered,own_search,,Section 3 is the closest corpus provision: it requires registration of a marriage that was actually solemnized. The Specific Relief Act property remedies are unrelated to a sham kabinnama.,Iftiaq,Sorup,False
prot_0065_06,"আমার বয়স ২৬ বছর। বিয়ে হয়েছে ২০০৯ সালে। বিয়ের ১০-১৫ দিন পরই আমার স্বামী বিদেশে চলে যান। বিয়েতে তাঁকে দেড় লাখ টাকা যৌতুক হিসেবে দেওয়া হয়েছিল। কাবিন করা হয়েছিল দুই লাখ টাকা। তাঁদের পক্ষ থেকে গয়না বাবদ এক লাখ টাকা উশুল করা হয়েছিল। এরপর ২০১০ সালের মে মাসে বিদেশে থাকা অবস্থাতেই আমার স্বামী দুর্ঘটনায় মারা যান। তাঁরা ছয় বোন ও এক ভাই ছিলেন। বিদেশের সব টাকা তাঁর এক বোনের নামেই পাঠাতেন। বিদেশে চলে যাওয়ার পর থেকেই তিনি আমার কোনো খোঁজখবর রাখেননি। তাঁর বোনেরা সব সময় আমার সঙ্গে খারাপ আচরণ করতেন। আমার সন্তান হয়নি। এখন আইনসম্মতভাবে আমি তাঁদের পরিবারের কাছ থেকে কী পাব?তাঁর বাবা নেই এবং মা জীবিত। তাঁরা তাঁদের পরিবার থেকে আমাকে এক লাখ টাকা দিতে চাইছেন। আমার স্বামীর অনেক টাকাপয়সা ও জায়গাজমি আছে। কিন্তু তাঁরা বলছেন, আমার স্বামী কিছুই রেখে যাননি। আমি যদি তাঁদের বিরুদ্ধে মামলা করি, তাহলে আমি কী পাব?",Sarwad,none,,,[],not_found,none,1,Iftiaq,"other_173_s2, family_1444_s5","other_173_s2, family_1444_s5","other_173_s2, family_1444_s5","[{""chunk_id"": ""other_173_s2"", ""provision_id"": ""other_173_s2"", ""act_title"": ""The Muslim Personal Law (Shariat) Application Act, 1937"", ""section_number"": ""2"", ""provision_title"": ""Application of Personal Law to Muslims"", ""provision_text"": ""Notwithstanding any custom or usage to the contrary, in all questions (save questions relating to agricultural land) regarding intestate succession, special property of females, including personal property inherited or obtained under contract or gift or any other provision of Personal Law, marriage, dissolution of marriage, including talaq, ila, zihar, lian, khula and mubaraat, maintenance, dower, guardianship, gifts, trusts and trust properties, and waqfs (other than charities and charitable institutions and charitable and religious endowments) the rule of decision in cases where the parties are Muslims shall be the Muslim Personal Law (Shariat).""}, {""chunk_id"": ""family_1444_s5"", ""provision_id"": ""family_1444_s5"", ""act_title"": ""পারিবারিক আদালত আইন, ২০২৩"", ""section_number"": ""৫"", ""provision_title"": ""পারিবারিক আদালতের এখতিয়ার"", ""provision_text"": ""মুসলিম পারিবারিক আইনের বিধানাবলি সাপেক্ষে, পারিবারিক আদালতে নিম্নরূপ সকল বা যেকোনো বিষয় সম্পর্কিত বা উহা হইতে উদ্ভূত যেকোনো মোকদ্দমা গ্রহণ, বিচার এবং নিষ্পত্তির এখতিয়ার থাকিবে, যথা :-(ক) বিবাহ বিচ্ছেদ;(খ) দাম্পত্য অধিকার পুনরুদ্ধার;(গ) দেনমোহর;(ঘ) ভরণপোষণ; এবং(ঙ) শিশু সন্তানদের অভিভাবকত্ব ও তত্ত্বাবধান।""}]",answered,own_search,2,"other_173_s2, family_1444_s5","other_173_s2, family_1444_s5","other_173_s2, family_1444_s5",answered,own_search,,The first provision governs Muslim intestate succession to the husband's estate; the second gives the Family Court jurisdiction over the unpaid dower claim.,Sarwad,Sifat,False
prot_0069_04,"‘পাত্রী চাই’ বিজ্ঞাপনের মাধ্যমে মেয়েটির সঙ্গে আমার পরিচয়। একপর্যায়ে প্রেমের সম্পর্ক হয়ে যায় মুঠোফোনে। তার সঙ্গে দেখা করার জন্য দীর্ঘ পথ পাড়ি দিয়ে তার বাসার কাছে গেলেও সে নানা অজুহাতে দেখা করেনি। সম্পর্ক চলাকালে সে আমার কাছ থেকে একটি ল্যাপটপ, একটি মোবাইল ফোনসেট, দুই ভরি ওজনের সোনার হার এবং অন্যান্য উপহারসহ প্রায় দেড় লাখ টাকার মালামাল আদায় করে, যা কুরিয়ারের মাধ্যমে পাঠিয়ে দিই। বিয়ের দিনও ঠিক হয়ে যায়। কিন্তু গত দুই মাস ধরে তার সঙ্গে যোগাযোগ করতে পারছি না। ফোন করলে ধরে না। বুঝেছি, প্রতারণার শিকার হয়েছি। ইচ্ছে হয় প্রতিশোধ নিই। এখন কী করতে পারি?নাম প্রকাশে অনিচ্ছুকচট্টগ্রাম",Iftiaq,"other_36_s39, other_36_s42_p0","other_36_s39, other_36_s42_p0","other_36_s39, other_36_s42","[{""chunk_id"": ""other_36_s39"", ""provision_id"": ""other_36_s39"", ""act_title"": ""The Specific Relief Act, 1877"", ""section_number"": ""39"", ""provision_title"": ""When cancellation may be ordered"", ""provision_text"": ""Any person against whom a written instrument is void or voidable, who has reasonable apprehension that such instrument, if left outstanding, may cause him serious injury, may sue to have it adjudged void or viodable; and the Court may, in its discretion, so adjudge it and order it to be delivered up and cancelled.If the instrument has been registered under the9[Registration Act, 1908], the Court shall also send a copy of its decree to the officer in whose office the instrument has been so registered; and such officer shall note on the copy of the instrument contained in his books the fact of its cancellation.Illustrations(a) \tA, the owner of a ship by fraudulently representing her to be seaworthy, induces B, an underwriter, to insure her. B may obtain the cancellation of the policy.(b) \tA conveys land to B, who bequeaths it to C and dies. Thereupon D gets possession of the land and produces a forged instrument stating that the conveyance was made to B in trust for him. C may obtain the cancellation of the forged instrument.(c) \tA, representing that the tenants on his land were all at will, sells it to B, and conveys it to him by an instrument, dated the 1st January, 1877. Soon after that day, A fraudulently grants to C a lease of part of the lands, dated the 1st October, 1876, and procures the lease to be registered under the Indian Registration Act. B may obtain the cancellation of this lease.(d) A agrees to sell and deliver a ship to B, to be paid for by B's acceptances of four bills of exchange, for sums amounting to taka  30,000, to be drawn by A on B. The bills are drawn and accepted, but the ship is not delivered according to the agreement. A sues B on one of the bills. B may obtain the cancellation of all the bills.""}, {""chunk_id"": ""other_36_s42_p0"", ""provision_id"": ""other_36_s42"", ""act_title"": ""The Specific Relief Act, 1877"", ""section_number"": ""42"", ""provision_title"": ""Discretion of Court as to declaration of status or right. Bar to such declaration"", ""provision_text"": ""Any person entitled to any legal character, or to any right as to any property, may institute a suit against any person denying, or interested to deny, his title to such character or right, and the Court may in its discretion make therein a declaration that he is so entitled, and the plaintiff need not in such suit ask for any further relief:Provided that no Court shall make any such declaration where the plaintiff, being able to seek further relief than a mere declaration of title, omits to do so.Explanation - A trustee of property is a \""person interested to deny\"" a title adverse to the title of some one who is not in existence, and for whom, if in existence, he would be a trustee.Illustrations(a) A is lawfully in possession of certain land. The inhabitants of a neighboring village claim a right of way across the land. A may sue for a declaration that they are not entitled to the right so claimed.(b) A bequeaths his property to B, C and D, “to be equally divided amongst all and each of them, if living at the time of my death, then amongst their surviving children\"". No such children are in existence. In a suit against A's executor, the Court may declare whether B, C and D took the property absolutely, or only for their lives, and it may also declare the interests of the children before their rights are vested.(c) A covenants that, if he should at any time""}]",answered,own_search,3,Iftiaq,criminal_procedure_11_s420,criminal_procedure_11_s420,criminal_procedure_11_s420,"[{""chunk_id"": ""criminal_procedure_11_s420"", ""provision_id"": ""criminal_procedure_11_s420"", ""act_title"": ""1The Penal Code, 1860"", ""section_number"": ""420"", ""provision_title"": ""Cheating and dishonestly inducing deliver of property"", ""provision_text"": ""Whoever cheats and thereby dishonestly induces the person deceived to deliver any property to any person, or to make, alter or destroy the whole or any part of a valuable security, or anything which is signed or sealed, and which is capable to being converted into a valuable security, shall be punished with imprisonment of either description for a term which may extend to seven years, and shall also be liable to fine.""}]",answered,own_search,2,criminal_procedure_11_s420,criminal_procedure_11_s420,criminal_procedure_11_s420,answered,own_search,,"Penal Code section 420 directly covers cheating that dishonestly induces delivery of the laptop, phone, jewellery, and other property.",Iftiaq,Sifat,True
prot_0085_05,"আমি বাবার একমাত্র মেয়ে। আমার বাবার আরও চারটি ছোট ভাই আছেন। তাঁদের প্রত্যেকের ঘরে ছেলে ও মেয়ে আছে। এখন অনেকে বলে, আমার বাবার সম্পত্তি নাকি আমি একা পাব না, আমার বাবার অন্য ভাইয়েরাও পাবেন। এ অবস্থায় আমার বাবার কি কিছু করার আছে? যা করলে সব সম্পত্তি আমি পাব। অথবা কোনো কিছু করার না থাকলে আমাদের সম্পত্তি কীভাবে বণ্টন হবে? খালেদা আক্তাররংপুর",Iftiaq,criminal_procedure_11_s494,criminal_procedure_11_s494,criminal_procedure_11_s494,"[{""chunk_id"": ""criminal_procedure_11_s494"", ""provision_id"": ""criminal_procedure_11_s494"", ""act_title"": ""1The Penal Code, 1860"", ""section_number"": ""494"", ""provision_title"": ""Marrying again during lifetime of husband or wife"", ""provision_text"": ""Whoever, having a husband or wife living, marries in any case in which such marriage is void by reason of its taking place during the life of such husband or wife, shall be punished with imprisonment of either description for a term which may extend to seven years, and shall also be liable to fine.Exception.- This section does not extend to any person whose marriage with such husband or wife has been declared void by a Court of competent jurisdiction,nor to any person who contracts a marriage during the life of a former husband or wife, if such husband or wife, at the time of the subsequent marriage, shall have been continually absent from such person for the space of seven years, and shall not have been heard of by such person as being alive within that time provided the person contracting such subsequent marriage shall, before such marriage takes place, inform the person with whom such marriage is contracted of the real state of facts so far as the same are within his or her knowledge.""}]",answered,own_search,3,Sarwad,"other_173_s2, other_48_s123","other_173_s2, other_48_s123","other_173_s2, other_48_s123","[{""chunk_id"": ""other_173_s2"", ""provision_id"": ""other_173_s2"", ""act_title"": ""The Muslim Personal Law (Shariat) Application Act, 1937"", ""section_number"": ""2"", ""provision_title"": ""Application of Personal Law to Muslims"", ""provision_text"": ""Notwithstanding any custom or usage to the contrary, in all questions (save questions relating to agricultural land) regarding intestate succession, special property of females, including personal property inherited or obtained under contract or gift or any other provision of Personal Law, marriage, dissolution of marriage, including talaq, ila, zihar, lian, khula and mubaraat, maintenance, dower, guardianship, gifts, trusts and trust properties, and waqfs (other than charities and charitable institutions and charitable and religious endowments) the rule of decision in cases where the parties are Muslims shall be the Muslim Personal Law (Shariat).""}, {""chunk_id"": ""other_48_s123"", ""provision_id"": ""other_48_s123"", ""act_title"": ""1The Transfer of Property Act, 1882"", ""section_number"": ""123"", ""provision_title"": ""Transfer how effected"", ""provision_text"": ""For the purpose of making a gift of immoveable property, the transfer must be effected by a registered instrument signed by or on behalf of the donor, and attested by at least two witnesses.32[Notwithstanding anything contained in any other law for the time being in force, a heba under Muhammadan law shall be deemed to be a gift of immoveable property for the aforesaid purpose.]For the purpose of making a gift of moveable property, the transfer may be effected either by a registered instrument signed as aforesaid or by delivery.Such delivery may be made in the same way as goods sold may be delivered""}]",answered,own_search,2,"other_173_s2, other_48_s123","other_173_s2, other_48_s123","other_173_s2, other_48_s123",answered,own_search,,"The Shariat Application Act governs intestate succession, while Transfer of Property Act section 123 directly covers the registered gift/heba the father could make during life.",Iftiaq,Sorup,False
prot_0108_05,"দয়া করে জানাবেন, কী করে আমি বাড়িটি পাব এবং প্রিয়েমশনের মামলা করে ফল পাব কি না?",Iftiaq,other_24_s112,other_24_s112,other_24_s112,"[{""chunk_id"": ""other_24_s112"", ""provision_id"": ""other_24_s112"", ""act_title"": ""1The Evidence Act, 1872"", ""section_number"": ""112"", ""provision_title"": ""Birth during marriage conclusive proof of legitimacy"", ""provision_text"": ""The fact that any person was born during the continuance of a valid marriage between his mother and any man, or within two hundred and eighty days after its dissolution, the mother remaining unmarried, shall be conclusive proof that he is the legitimate son of that man, unless it can be shown that the parties to the marriage had no access to each other at any time when he could have been begotten.""}]",answered,own_search,3,Sarwad,none,,,[],not_found,none,1,none,,,not_found,none,,"The Evidence Act legitimacy provision is unrelated, while this fragment omits the property and transaction facts needed to identify an applicable pre-emption provision.",Iftiaq,Sarwad,False
prot_0109_03,চুরির অভিযোগে মিথ্যা মামলা করা হয়ে থাকলে আদালতেই তা প্রমাণ করতে হবে। তবে মিথ্যা মামলার অভিযোগে দণ্ডবিধি আইন অনুযায়ী প্রতিকার চাইতে পারেন। মেয়েটির স্বামী প্রথম স্ত্রীর অনুমতি না নিয়ে দ্বিতীয় বিয়ে করলে ১৯৬১ সালের মুসলিম পারিবারিক আইন অনুযায়ী মামলা করার সুযোগ আছে। এ আইন অনুযায়ী শাস্তিরও বিধান আছে।প্রাপ্য দাবি আদায়ে কী পদক্ষেপ নিতে পারি?,Iftiaq,"family_305_s6, criminal_procedure_11_s211","family_305_s6, criminal_procedure_11_s211","family_305_s6, criminal_procedure_11_s211","[{""chunk_id"": ""family_305_s6"", ""provision_id"": ""family_305_s6"", ""act_title"": ""The Muslim Family Laws Ordinance, 1961"", ""section_number"": ""6"", ""provision_title"": ""Polygamy"", ""provision_text"": ""(1) No man, during the subsistence of an existing marriage, shall, except with the previous permission in writing of the Arbitration Council, contract another marriage, nor shall any such marriage contracted without such permission be registered6[under theMuslim Marriages and Divorces (Registration) Act, 1974(LII of 1974)].(2) An application for permission under sub-section (1) shall be submitted to the Chairman in the prescribed manner,together with the prescribed fee, and shall state the reasons for the proposed marriage, and whether the consent of the existing wife or wives has been obtained thereto.(3) On receipt of the application under sub-section (2), the Chairman shall ask the applicant and his existing wife or wives each to nominate a representative, and the Arbitration Council so constituted may, if satisfied that the proposed marriage is necessary and just, grant, subject to such conditions, if any, as may be deemed fit, the permission applied for.(4) In deciding the application the Arbitration Council shall record its reasons for the decision, and any party may, in the prescribed manner, within the prescribed period, and on payment of the prescribed fee, prefer an application for revision7[* * *] to the8[Assistant Judge] concerned and his decision shall be final and shall not be called in question in any Court.(5) Any man who contracts another marriage without the permission of the Arbitration Council shall-(a)\tpay immediately the entire amount of the dower, whether prompt or deferred, due to the existing wife or wives, which amount, if  not so paid, shall be recoverable as arrears of land revenue; and(b)\ton conviction upon complaint be punishable with simple imprisonment which may extend to one year, or with fine which may extend to9[ten thousand taka], or with both.""}, {""chunk_id"": ""criminal_procedure_11_s211"", ""provision_id"": ""criminal_procedure_11_s211"", ""act_title"": ""1The Penal Code, 1860"", ""section_number"": ""211"", ""provision_title"": ""False charge of offence made with intent to injure"", ""provision_text"": ""Whoever, with intent to cause injury to any person, institutes or causes to be instituted any criminal proceeding against that person, or falsely charges any person with having committed an offence, knowing that there is no just or lawful ground for such proceeding or charge against that person, shall be punished with imprisonment of either description for a term which may extend to two years, or with fine, or with both;and if such criminal proceeding be instituted on a false charge of an offence punishable with death,69[imprisonment] for life, or imprisonment for seven years or upwards, shall be punishable with imprisonment of either description for a term which may extend to seven years, and shall also be liable to fine.""}]",answered,own_search,3,Iftiaq,unanswerable,,,[],unanswerable,none,2,unanswerable,,,unanswerable,none,,"The legal discussion preceding the final sentence is pasted answer text from another item. 'How can I recover my entitlement?' supplies no entitlement, parties, or event from which a provision can be selected.",Iftiaq,Sifat,True
prot_0111_06,"বহির্ভূত ঝুঁকিপূর্ণ ভবন তৈরি করার জন্য রাজউক, রিহ্যাব কিংবা স্থানীয় থানায় আমার জন্য কি কোনো আইন নেই?",Iftiaq,other_1696_s54,other_1696_s54,other_1696_s54,"[{""chunk_id"": ""other_1696_s54"", ""provision_id"": ""other_1696_s54"", ""act_title"": ""রাজধানী উন্নয়ন কর্তৃপক্ষ আইন, ২০২৬"", ""section_number"": ""৫৪"", ""provision_title"": ""অনুমোদিত নকশা বহির্ভূত স্থাপনা নির্মাণের দণ্ড"", ""provision_text"": ""(১) কর্তৃপক্ষের আওতাধীন এলাকায় অনুমোদিত নকশা বহির্ভূত স্থাপনা নির্মাণ করিলে উহা হইবে একটি অপরাধ এবং তজ্জন্য সংশ্লিষ্ট স্থাপনা নির্মাণকারী অনধিক ২ (দুই) বৎসর কারাদণ্ড বা অনধিক ৫০ (পঞ্চাশ) লক্ষ টাকা অর্থদণ্ড বা উভয় দণ্ডে দণ্ডনীয় হইবেন।""}]",answered,own_search,1,Sarwad,"other_254_s3B_p0, other_254_s3","other_254_s3B_p0, other_254_s3","other_254_s3B, other_254_s3","[{""chunk_id"": ""other_254_s3B_p0"", ""provision_id"": ""other_254_s3B"", ""act_title"": ""The Building Construction Act, 1952 (East Bengal Act)"", ""section_number"": ""3B"", ""provision_title"": null, ""provision_text"": ""(1) Where it appears to the Authorised Officer or the Committee, as the case may be, that-(a) any building has been constructed or re-constructed, or any addition or alteration to any building has been made, or any tank has been excavated or re-excavated, before or after the commencement of the Building Construction (Amendment) Ordinance, 1986 (Ordinance No. LXXII of 1986);(b) any building is being constructed, or re-constructed, or any addition or alteration to any building is being made or any tank is being excavated or re-excavated,without obtaining the sanction under section 3, or in breach of any of the terms or conditions subject to which sanction was granted under that section, he or it may, by a notice, direct the owner, the occupier and the person in-charge of the building or the tank to show cause, within such period, not being less than seven days, as may be mentioned in the notice, why-(i) the building or any portion thereof, whether constructed or under construction, as may be specified in the notice, should not be removed or dismantled; or(ii) the tank or any portion thereof, whether excavated or under excavation, specified in the notice, should not be filled up; or(iii) further construction or re-construction of, or addition or alteration to, the building, or excavation or re-excavation of the tank, should not be stopped.(2) Where a person is asked by a notice under sub-section (1) to show cause why further construction or re-construction of, or addition or alteration to, any building, or""}, {""chunk_id"": ""other_254_s3"", ""provision_id"": ""other_254_s3"", ""act_title"": ""The Building Construction Act, 1952 (East Bengal Act)"", ""section_number"": ""3"", ""provision_title"": ""Restriction on construction of building and excavation of tank"", ""provision_text"": ""(1) Notwithstanding anything contained in any other law for the time being in force, or in any agreement, no person shall, without the previous sanction of an Authorised Officer, construct or re-construct or make addition or alternation to any building, or excavate or re-excavate any tank7[* * *] within the area to which this Act applies; and such sanction shall be subject to such terms and conditions as the Authorised Officer may think fit to impose:Provided that such sanction shall remain valid for three years from the date of sanction and on the expiry of the period, the application shall have to apply and obtain a fresh sanction.(1a) Notwithstanding anything contained in sub-section (1), all sanctions obtained during the 12 months immediately preceding the 30th September, 1958, shall be deemed to have expired and no such construction or excavation shall be made without obtaining fresh sanction.Explanation.- For the purpose of obtaining fresh sanction under sub-section (1) or sub-section (1a), no fresh sanction shall have to be obtained for the construction of buildings where the construction has been made up to 4 feet above plinth level.(2) The Government may, by notification in the official Gazette, direct that the power of an Authorised Officer under sub-section (1) shall be exercised by a Committee in such area as may be specified in the notification.(3) When a notification under sub-section (2) has been issued, the Authorised Officer shall not exercise the power conferred on him by sub-section (1) in the area to which the said notification relates.(4) The provisions of sub-section (1) shall not apply to normal repairs to existing building.""}]",answered,own_search,1,other_1696_s54,other_1696_s54,other_1696_s54,answered,own_search,,The Capital Development Authority Act provision directly criminalizes construction outside an approved plan and states the penalty.,Sifat,Sorup,False
prot_0112_04,"আপনার মতো যাঁরা এ রকম চিন্তা করছেন তাঁদের কাছে একটা অনুরোধ, নিজের ওপর আত্মঘাতী হওয়ার আগে নিজের জীবনের মূল্য উপলব্ধি করুন। আপনার জীবনের সঙ্গে জড়িত আছে আপনার বাবা-মা কিংবা সন্তানের জীবনও। সামান্য ঋণ থেকে মুক্তি পেতে এভাবে কিডনি বিক্রির চিন্তা থেকে সরে আসুন। আপনি কি ভেবে দেখেছেন আপনার একটি কিডনি নিয়ে পাচারকারী দল দেশের কত বড় সর্বনাশ করছে?",Iftiaq,"family_1444_s5, family_305_s9","family_1444_s5, family_305_s9","family_1444_s5, family_305_s9","[{""chunk_id"": ""family_1444_s5"", ""provision_id"": ""family_1444_s5"", ""act_title"": ""পারিবারিক আদালত আইন, ২০২৩"", ""section_number"": ""৫"", ""provision_title"": ""পারিবারিক আদালতের এখতিয়ার"", ""provision_text"": ""মুসলিম পারিবারিক আইনের বিধানাবলি সাপেক্ষে, পারিবারিক আদালতে নিম্নরূপ সকল বা যেকোনো বিষয় সম্পর্কিত বা উহা হইতে উদ্ভূত যেকোনো মোকদ্দমা গ্রহণ, বিচার এবং নিষ্পত্তির এখতিয়ার থাকিবে, যথা :-(ক) বিবাহ বিচ্ছেদ;(খ) দাম্পত্য অধিকার পুনরুদ্ধার;(গ) দেনমোহর;(ঘ) ভরণপোষণ; এবং(ঙ) শিশু সন্তানদের অভিভাবকত্ব ও তত্ত্বাবধান।""}, {""chunk_id"": ""family_305_s9"", ""provision_id"": ""family_305_s9"", ""act_title"": ""The Muslim Family Laws Ordinance, 1961"", ""section_number"": ""9"", ""provision_title"": ""Maintenance"", ""provision_text"": ""(1) If any husband fails to maintain his wife adequately, or where there are more wives than one, fails to maintain them equitably, the wife, or all or any of the wives, may in addition to seeking, any other legal remedy available apply to the Chairman who shall constitute an Arbitration Council to determine the matter, and the Arbitration Council may issue a certificate specifying the amount which shall be paid as maintenance by the husband.(2) A husband or wife may, in the prescribed manner, within the prescribed period, and on payment of the prescribed fee, prefer an application for revision of the certificate11[* * *] to the12[Assistant Judge] concerned and his decision shall be final and shall not be called in question in any Court.(3) Any amount payable under sub-section (1) or (2), if not paid in due time, shall be recoverable as arrears of land revenue.""}]",answered,own_search,3,Iftiaq,unanswerable,,,[],unanswerable,none,2,unanswerable,,,unanswerable,none,,The row is exhortative commentary about avoiding kidney sale and contains no legal information request.,Iftiaq,Sifat,True
prot_0115_02,"যেকোনো হত্যাকাণ্ডই ঘৃণিত ও জঘন্য অপরাধ এবং ফৌজদারি আইনে সর্বোচ্চ শাস্তিযোগ্য অপরাধ। সম্প্রতি আমিনবাজার, নোয়াখালীসহ দেশের বিভিন্ন স্থানে গণপিটুনিতে যে মানুষ হত্যার প্রবণতা দেখা গেছে, তা রীতিমতো ভয়াবহ এবং সামাজিক ও রাষ্ট্রীয় অসুস্থতার লক্ষণ। হত্যাকাণ্ড তা যেকোনোভাবেই এবং যার বা যাদের দিয়েই সংঘটিত হোক না কেন, তা ফৌজদারি আইনে বিচারযোগ্য।আমিনবাজার হত্যাকাণ্ড এবং সেখানে পুলিশের নিষ্ক্রিয়তার অভিযোগ শাস্তিযোগ্য অপরাধ। হত্যাকাণ্ডের অপরাধটি দণ্ডবিধির ৩০২ ও ৩৪ ধারায় আমলযোগ্য ও বিচার্য এবং সেখানে প্রত্যক্ষ বা পরোক্ষভাবে সহায়তাকারীরাও সমান অপরাধী, তা তারা যে-ই হোক না কেন এবং সংখ্যা যা-ই হোক। একই সঙ্গে বলা দরকার, পুলিশের নিষ্ক্রিয়তার বিষয়টি তাদের বিভাগীয় তদন্ত ও শাস্তির আওতাধীন।নোয়াখালীর হত্যাকাণ্ডে পুলিশের অংশগ্রহণের অভিযোগ পাওয়া গেছে, যা খুবই আতঙ্কজনক। কেননা, কোনোভাবেই কোনো বিচারবহির্ভূত হত্যাকাণ্ডই সমর্থনযোগ্য নয়। সবচেয়ে ঘৃণ্য অপরাধীরও বিচার পাওয়ার অধিকার আছে। নোয়াখালী হত্যাকাণ্ডে পুলিশের যেসব সদস্যের বিরুদ্ধে সম্পৃক্ততার অভিযোগ আছে, তাঁরা অন্য হত্যাকারীদের সঙ্গে সমানভাবে দায়ী হবেন এবং অপরাধ ফৌজদারি আইনে বিচার্য হবে। পুলিশের সদস্য বলে ফৌজদারি বিচারের আওতাবহির্ভূত থাকার সুযোগ নেই। সাধারণ তদন্তের পর প্রকাশ্য আদালতে অভিযুক্ত অন্য ব্যক্তিদের সঙ্গেই তাঁদের বিচার হবে। উপরন্তু, পুলিশের বিভাগীয় শাস্তিও তাঁদের ওপর বর্তাবে।কাজী জাহেদ ইকবালআইনজীবী, বাংলাদেশ সুপ্রিম কোর্ট।স্বামীর দৈহিক ও মানসিক নির্যাতনের প্রতিকার কীভাবে পাব?",Iftiaq,"family_1444_s5, family_305_s10","family_1444_s5, family_305_s10","family_1444_s5, family_305_s10","[{""chunk_id"": ""family_1444_s5"", ""provision_id"": ""family_1444_s5"", ""act_title"": ""পারিবারিক আদালত আইন, ২০২৩"", ""section_number"": ""৫"", ""provision_title"": ""পারিবারিক আদালতের এখতিয়ার"", ""provision_text"": ""মুসলিম পারিবারিক আইনের বিধানাবলি সাপেক্ষে, পারিবারিক আদালতে নিম্নরূপ সকল বা যেকোনো বিষয় সম্পর্কিত বা উহা হইতে উদ্ভূত যেকোনো মোকদ্দমা গ্রহণ, বিচার এবং নিষ্পত্তির এখতিয়ার থাকিবে, যথা :-(ক) বিবাহ বিচ্ছেদ;(খ) দাম্পত্য অধিকার পুনরুদ্ধার;(গ) দেনমোহর;(ঘ) ভরণপোষণ; এবং(ঙ) শিশু সন্তানদের অভিভাবকত্ব ও তত্ত্বাবধান।""}, {""chunk_id"": ""family_305_s10"", ""provision_id"": ""family_305_s10"", ""act_title"": ""The Muslim Family Laws Ordinance, 1961"", ""section_number"": ""10"", ""provision_title"": ""Dower"", ""provision_text"": ""Where no details about the mode of payment of dower are specified in the nikah nama, or the marriage contract, the entire amount of the dower shall be prescribed to be payable on demand.""}]",answered,own_search,3,Sarwad,"women_children_1063_s11, family_180_s2_p1","women_children_1063_s11, family_180_s2_p1","women_children_1063_s11, family_180_s2","[{""chunk_id"": ""women_children_1063_s11"", ""provision_id"": ""women_children_1063_s11"", ""act_title"": ""পারিবারিক সহিংসতা (প্রতিরোধ ও সুরক্ষা) আইন, ২০১০"", ""section_number"": ""১১"", ""provision_title"": ""আদালতে আবেদন"", ""provision_text"": ""(১) সংক্ষুব্ধ ব্যক্তি বা তাহার পক্ষে কোন প্রয়োগকারী কর্মকর্তা, সেবা প্রদানকারী বা অন্য কোন ব্যক্তি এই আইনের অধীন প্রতিকার পাইবার জন্য আবেদন করিতে পারিবেন।(২) উপ-ধারা (১) এর অধীন প্রতিটি আবেদন বিধি দ্বারা নির্ধারিত ফরমে করিতে হইবে।(৩) উপ-ধারা (১) এর অধীন আবেদন প্রাপ্তির ৭ (সাত) কার্যদিবসের মধ্যে আদালত সংক্ষুব্ধ ব্যক্তির আবেদন শুনানীর জন্য তারিখ নির্ধারণ করিবে।""}, {""chunk_id"": ""family_180_s2_p1"", ""provision_id"": ""family_180_s2"", ""act_title"": ""The Dissolution of Muslim Marriages Act, 1939"", ""section_number"": ""2"", ""provision_title"": ""Grounds for decree for dissolution of marriage"", ""provision_text"": ""is to say,-(a) habitually assaults her or makes her life miserable by cruelty of conduct even if such conduct does not amount to physical ill-treatment, or(b) associates with women of evil repute or leads an infamous life, or(c) attempts to force her to lead an immoral life, or(d) disposes of her property or prevents her exercising her legal rights over it, or(e) obstructs her in the observance of her religious profession or practice, or(f) if he has more wives than one, does not treat her equitably in accordance with the injunctions of the Qoran;(ix) on any other ground which is recognised as valid for the dissolution of marriage under Muslim law:Provided that-(a) no decree shall be passed on ground (iii) until the sentence has become final;(b) a decree passed on ground (i) shall not take effect for a period of six months from the date of such decree, and if the husband appears either in person or through an authorised agent within that period and satisfies the Court that he is prepared to perform his conjugal duties, the Court shall set aside the said decree; and(c) before passing a decree on ground (v) the Court shall, on application by the husband, make an order requiring the husband to satisfy the Court within a period of one year from the date of such order that he has ceased to be impotent, and if the husband so satisfies the Court within such period, no decree shall be passed on the said ground.""}]",answered,own_search,2,"women_children_1063_s11, women_children_1063_s14, family_180_s2_p1","women_children_1063_s11, women_children_1063_s14, family_180_s2_p1","women_children_1063_s11, women_children_1063_s14, family_180_s2",answered,own_search,,The actual question is the final sentence about physical and mental abuse. Sections 11 and 14 provide access to court and a protection order; Dissolution of Muslim Marriages Act section 2 includes habitual assault and cruelty as dissolution grounds.,Iftiaq,Sorup,False
prot_0135_02,"এক ভাই ও চার বোন রেখে আমার মা মারা যান। আমার বাবা জীবিত আছেন। বাবা আরেকটি বিয়ে করেছেন। ওই পক্ষে দুই ভাই ও এক বোন আছে। প্রশ্ন হচ্ছে, আমার মায়ের সম্পত্তির ভাগ আমরা পাব কি না। আমার সৎভাইবোন আমার মায়ের সম্পত্তি পাবে কি?",Iftiaq,women_children_1256_s3,women_children_1256_s3,women_children_1256_s3,"[{""chunk_id"": ""women_children_1256_s3"", ""provision_id"": ""women_children_1256_s3"", ""act_title"": ""যৌতুক নিরোধ আইন, ২০১৮"", ""section_number"": ""৩"", ""provision_title"": ""যৌতুক দাবি করিবার দণ্ড"", ""provision_text"": ""যদি বিবাহের কোনো এক পক্ষ, প্রত্যক্ষ বা পরোক্ষভাবে, বিবাহের অন্য কোনো পক্ষের নিকট কোনো যৌতুক দাবি করেন, তাহা হইলে উহা হইবে এই আইনের অধীন একটি অপরাধ এবং তজ্জন্য তিনি অনধিক ৫ (পাঁচ) বৎসর কিন্তু অন্যূন ১ (এক) বৎসর কারাদণ্ড বা অনধিক ৫০,০০০ (পঞ্চাশ হাজার) টাকা অর্থদণ্ড অথবা উভয় দণ্ডে দণ্ডনীয় হইবেন।""}]",answered,own_search,3,Iftiaq,other_173_s2,other_173_s2,other_173_s2,"[{""chunk_id"": ""other_173_s2"", ""provision_id"": ""other_173_s2"", ""act_title"": ""The Muslim Personal Law (Shariat) Application Act, 1937"", ""section_number"": ""2"", ""provision_title"": ""Application of Personal Law to Muslims"", ""provision_text"": ""Notwithstanding any custom or usage to the contrary, in all questions (save questions relating to agricultural land) regarding intestate succession, special property of females, including personal property inherited or obtained under contract or gift or any other provision of Personal Law, marriage, dissolution of marriage, including talaq, ila, zihar, lian, khula and mubaraat, maintenance, dower, guardianship, gifts, trusts and trust properties, and waqfs (other than charities and charitable institutions and charitable and religious endowments) the rule of decision in cases where the parties are Muslims shall be the Muslim Personal Law (Shariat).""}]",answered,own_search,2,other_173_s2,other_173_s2,other_173_s2,answered,own_search,,The Shariat Application Act provision is the governing corpus provision for a Muslim woman's intestate succession; the dowry provision is unrelated.,Iftiaq,Sifat,True
