qid,annotator,n_words,question_bn,paraphrase,pii_removed,notes,reason,corrected_paraphrase
ajke_0139_01,Sarwad,22,আমি একজন উদ্যোক্তা। ছয় বছর ধরে রেজিনের পণ্য তৈরি ও বিপণন করছি। পণ্যের ডিজাইন নিজেই করি। সেগুলো কীভাবে কপিরাইট করে নিতে পারি?,আমি একজন উদ্যোক্তা। ছয় বছর ধরে রেজিনের পণ্য তৈরি ও বিপণন করছি। পণ্যের ডিজাইন নিজেই করি। সেগুলো কীভাবে কপিরাইট করে নিতে পারি?,no,,exact copy of copyrighted source question,আমি ছয় বছর ধরে নিজের নকশায় রেজিনের জিনিস বানিয়ে বিক্রি করছি। আমার তৈরি ডিজাইনগুলো কপিরাইটের আওতায় আনতে কী করতে হবে?
ajke_0147_01,Sarwad,53,"সবাই মিলে কিছুটা জোর করে আমাদের ওই পরিবারে যুক্ত করতে চাচ্ছেন। তবে আমি সেই বিষয়ে অনিচ্ছা প্রকাশ করলে তাঁরা আমার সঙ্গে দুর্ব্যবহার করেন। আমার ধারণা, জমিজমার কারণে তাঁরা আমার ছেলেকে কোনোভাবে তাঁদের পক্ষে করার চেষ্টা চালাচ্ছেন। আমি এ ধরনের কোনো সমস্যায় পড়তে চাই না। এর বিরুদ্ধে কি আমি কোনো আইনি পদক্ষেপ নিতে পারি?","সবাই মিলে কিছুটা জোর করে আমাদের ওই পরিবারে যুক্ত করতে চাচ্ছেন। তবে আমি সেই বিষয়ে অনিচ্ছা প্রকাশ করলে তাঁরা আমার সঙ্গে দুর্ব্যবহার করেন। আমার ধারণা, জমিজমার কারণে তাঁরা আমার ছেলেকে কোনোভাবে তাঁদের পক্ষে করার চেষ্টা চালাচ্ছেন। আমি এ ধরনের কোনো সমস্যায় পড়তে চাই না। এর বিরুদ্ধে কি আমি কোনো আইনি পদক্ষেপ নিতে পারি?",no,,exact copy of copyrighted source question,জমিজমার স্বার্থে আত্মীয়েরা জোর করে আমাদের ওই পরিবারের সঙ্গে যুক্ত করতে চাইছেন। আমি আপত্তি করায় দুর্ব্যবহার করছেন এবং আমার ছেলেকে নিজেদের পক্ষে টানছেন। এর বিরুদ্ধে আইনি ব্যবস্থা নিতে পারি কি?
ajke_0168_01,Sarwad,28,পরে আমি মামলা তুলে নিই। দীর্ঘদিন আমরা ঘর-সংসার করে আসছি। কিন্তু হঠাৎ সে তালাকের নোটিশ পাঠিয়েছে। কিন্তু আমি সংসার করতে চাই। তার বিরুদ্ধে কি আইনি পদক্ষেপ নিতে পারব?,পরে আমি মামলা তুলে নিই। দীর্ঘদিন আমরা ঘর-সংসার করে আসছি। কিন্তু হঠাৎ সে তালাকের নোটিশ পাঠিয়েছে। কিন্তু আমি সংসার করতে চাই। তার বিরুদ্ধে কি আইনি পদক্ষেপ নিতে পারব?,no,,exact copy of copyrighted source question,"আগের মামলা তুলে নেওয়ার পর আমরা অনেক দিন সংসার করেছি। হঠাৎ স্বামী তালাকের নোটিশ পাঠিয়ে যোগাযোগ বন্ধ করেছে, কিন্তু আমি সংসার রাখতে চাই। আমি কি আইনি পদক্ষেপ নিতে পারি?"
ajke_0174_01,Sarwad,62,"সম্প্রতি কোনো একটি ফেক ফেসবুক আইডি দিয়ে আমার আপত্তিকর কিছু ডিপফেক ছবি আমার স্বামীর কলিগদের কাছে পাঠানো হয়েছে। এরপর স্বামী বিষয়টি আমাকে জানালে আমিও বুঝে উঠতে পারছি না, এটা আসলে কে করছে। আইডিটা লন্ডনের লোকেশনে খোলা হয়েছে। এরপর সেই আইডি থেকে আমার ভাই ও বাবার নামে আপত্তিকর কথা লিখে বিভিন্ন পোস্ট করা হয়। সাইবার ক্রাইমে কীভাবে মামলা করলে আমি সর্বোচ্চ সাহায্য পাব?","সম্প্রতি কোনো একটি ফেক ফেসবুক আইডি দিয়ে আমার আপত্তিকর কিছু ডিপফেক ছবি আমার স্বামীর কলিগদের কাছে পাঠানো হয়েছে। এরপর স্বামী বিষয়টি আমাকে জানালে আমিও বুঝে উঠতে পারছি না, এটা আসলে কে করছে। আইডিটা লন্ডনের লোকেশনে খোলা হয়েছে। এরপর সেই আইডি থেকে আমার ভাই ও বাবার নামে আপত্তিকর কথা লিখে বিভিন্ন পোস্ট করা হয়। সাইবার ক্রাইমে কীভাবে মামলা করলে আমি সর্বোচ্চ সাহায্য পাব?",no,,exact copy of copyrighted source question,ভুয়া ফেসবুক আইডি থেকে আমার ডিপফেক আপত্তিকর ছবি স্বামীর সহকর্মীদের পাঠানো হয়েছে। বিদেশি লোকেশন দেখানো ওই আইডি দিয়ে ভাই ও বাবাকে নিয়েও কুরুচিকর পোস্ট হচ্ছে। সাইবার আইনে সর্বোচ্চ সহায়তা পেতে কীভাবে মামলা করব?
ajke_0184_01,Sarwad,63,আমার এক কাজিনের মেয়ে দ্বাদশ শ্রেণিতে পড়েন। একদিন কলেজ শেষে বাড়ি ফেরার সময় এক লোক তাঁকে ভয় দেখিয়ে বাসায় নিয়ে গিয়ে যৌন হেনস্তা করেন। তারপর তাঁর কাছে টাকা দাবি করেন। ওই মেয়ে টাকা দেওয়ার কথা বলে বাড়ি এসে মানসিকভাবে ভেঙে পড়েন। এখন কলেজে যেতে ভয় পাচ্ছেন। তাঁর মা মানসম্মানের ভয়ে কিছু করতে বা কারও কাছে সাহায্য চাইতে পারছেন না। এখন কী করা উচিত?,আমার এক কাজিনের মেয়ে দ্বাদশ শ্রেণিতে পড়েন। একদিন কলেজ শেষে বাড়ি ফেরার সময় এক লোক তাঁকে ভয় দেখিয়ে বাসায় নিয়ে গিয়ে যৌন হেনস্তা করেন। তারপর তাঁর কাছে টাকা দাবি করেন। ওই মেয়ে টাকা দেওয়ার কথা বলে বাড়ি এসে মানসিকভাবে ভেঙে পড়েন। এখন কলেজে যেতে ভয় পাচ্ছেন। তাঁর মা মানসম্মানের ভয়ে কিছু করতে বা কারও কাছে সাহায্য চাইতে পারছেন না। এখন কী করা উচিত?,no,,exact copy of copyrighted source question,"আমার এক আত্মীয়ের দ্বাদশ শ্রেণিপড়ুয়া মেয়েকে কলেজ থেকে ফেরার পথে ভয় দেখিয়ে বাসায় নিয়ে যৌন হেনস্তা করা হয় এবং টাকা চাওয়া হয়। সে ভেঙে পড়েছে, কলেজে যেতে ভয় পাচ্ছে; মা লোকলজ্জায় চুপ। এখন কী করা উচিত?"
ajke_0202_01,Sarwad,73,"প্রশ্ন: আমি একজন সরকারি চাকরিজীবী। ২০১৬ সালে আমার বিয়ে হয়। চার বছর বয়সী একটি কন্যাসন্তান রয়েছে। স্বামীর সঙ্গে অনেক দিন ধরেই বনিবনা হচ্ছে না। ছয় মাস ধরে আমার বাবার বাড়িতে আছি। স্বামীকে তালাক দিতে চাই। কিন্তু এ কথা বললেই তিনি সন্তানকে আমার কাছ থেকে নিয়ে যাওয়ার ভয় দেখাচ্ছেন। আমি জানতে চাই, যদি স্বামীকে তালাক দিই, তাহলে আসলেই কি তিনি আমার সন্তানকে নিয়ে যেতে পারবেন? সন্তানের কাস্টডি নিজের কাছে রাখতে আমার কী করতে হবে?","প্রশ্ন: আমি একজন সরকারি চাকরিজীবী। ২০১৬ সালে আমার বিয়ে হয়। চার বছর বয়সী একটি কন্যাসন্তান রয়েছে। স্বামীর সঙ্গে অনেক দিন ধরেই বনিবনা হচ্ছে না। ছয় মাস ধরে আমার বাবার বাড়িতে আছি। স্বামীকে তালাক দিতে চাই। কিন্তু এ কথা বললেই তিনি সন্তানকে আমার কাছ থেকে নিয়ে যাওয়ার ভয় দেখাচ্ছেন। আমি জানতে চাই, যদি স্বামীকে তালাক দিই, তাহলে আসলেই কি তিনি আমার সন্তানকে নিয়ে যেতে পারবেন? সন্তানের কাস্টডি নিজের কাছে রাখতে আমার কী করতে হবে?",no,,exact copy of copyrighted source question,"আমার বিয়ে ২০১৬ সালে, চার বছরের একটি মেয়ে আছে। ছয় মাস ধরে বাবার বাড়িতে আছি এবং স্বামীকে তালাক দিতে চাই। তিনি সন্তান কেড়ে নেওয়ার ভয় দেখান। তালাকের পর মেয়েকে নিজের কাছে রাখতে কী করতে হবে?"
lawy_0218_01,Sarwad,9,"বার বার আমিন দিয়ে জমি মেপে হয়রান, করণীয় কী?","বার বার আমিন দিয়ে জমি মেপে হয়রান, করণীয় কী?",no,,exact copy of copyrighted source question,বারবার আমিন এনে জমি মাপিয়ে আমাকে হয়রানি করা হচ্ছে। এটা বন্ধ করতে কী ব্যবস্থা নিতে পারি?
lawy_0242_01,Sarwad,11,গোপনে ধারণকৃত ভিডিও ও ছবি দিয়ে প্রতারণার শিকার হলে কী করবেন?,গোপনে ধারণকৃত ভিডিও ও ছবি দিয়ে প্রতারণার শিকার হলে কী করবেন?,no,,exact copy of copyrighted source question,গোপনে তোলা ছবি বা ভিডিও ব্যবহার করে কেউ প্রতারণা করলে ভুক্তভোগীর কী আইনি করণীয় আছে?
lawy_0314_01,Sarwad,10,দানপত্র দলিল রেজিস্ট্রেশনের পরে সেটি পুনরায় বাতিল করা যায় কি?,দানপত্র দলিল রেজিস্ট্রেশনের পরে সেটি পুনরায় বাতিল করা যায় কি?,no,,exact copy of copyrighted source question,দানপত্রের দলিল একবার রেজিস্ট্রি হয়ে গেলে পরে কি সেটি বাতিল করার সুযোগ আছে?
lawy_0533_01,Sarwad,8,বিজ্ঞাপনে মিথ্যাচার ও বর্ণবাদ : আইনি প্রতিকার কী?,বিজ্ঞাপনে মিথ্যাচার ও বর্ণবাদ : আইনি প্রতিকার কী?,no,,exact copy of copyrighted source question,কোনো বিজ্ঞাপনে মিথ্যা তথ্য ও বর্ণবাদী বক্তব্য থাকলে তার বিরুদ্ধে কী আইনি প্রতিকার পাওয়া যায়?
prot_0000_04,Sarwad,88,"আমার সমস্যা হচ্ছে, আমার মায়েরা চার বোন ও এক ভাই। নানা মারা গেছেন। নানি জীবিত। নানার সম্পত্তি তিন বোন নিয়েছেন। ছোট খালা এখনো নেননি। অনেক ঘোরাঘুরি করছেন কিন্তু মামা বিভিন্ন অজুহাত দেখাচ্ছেন। আমার নানির দুই আনা সম্পত্তিসহ নিজের নামে ৯৯ শতাংশ জমি ছিল, যা মায়েরা চার বোন এবং এক মামা উত্তরাধিকারসূত্রে পাওনাদার ছিল। কিন্তু গত ১০ জুলাই তারিখে আমার মামা, মামাতো ভাই, বোন এবং মামি চাপ দিয়ে মামার নামে রেজিস্ট্রি করে নিছে। রেজিস্ট্রি করার পর ঘটনাটি জানাজানি হয়। এখন আদৌ কি আমার মায়ের প্রাপ্য অংশ ফিরে পাওয়া সম্ভব?","আমার সমস্যা হচ্ছে, আমার মায়েরা চার বোন ও এক ভাই। নানা মারা গেছেন। নানি জীবিত। নানার সম্পত্তি তিন বোন নিয়েছেন। ছোট খালা এখনো নেননি। অনেক ঘোরাঘুরি করছেন কিন্তু মামা বিভিন্ন অজুহাত দেখাচ্ছেন। আমার নানির দুই আনা সম্পত্তিসহ নিজের নামে ৯৯ শতাংশ জমি ছিল, যা মায়েরা চার বোন এবং এক মামা উত্তরাধিকারসূত্রে পাওনাদার ছিল। কিন্তু গত ১০ জুলাই তারিখে আমার মামা, মামাতো ভাই, বোন এবং মামি চাপ দিয়ে মামার নামে রেজিস্ট্রি করে নিছে। রেজিস্ট্রি করার পর ঘটনাটি জানাজানি হয়। এখন আদৌ কি আমার মায়ের প্রাপ্য অংশ ফিরে পাওয়া সম্ভব?",no,,exact copy of copyrighted source question,"আমার মা-খালারা চার বোন ও এক ভাই। নানা মারা গেছেন, নানি জীবিত। নানার জমিতে ছোট খালা এখনো অংশ পাননি। নানির দুই আনা অংশসহ নিজের ৯৯ শতাংশ জমি পাঁচ সন্তানের পাওয়ার কথা ছিল, কিন্তু গত ১০ জুলাই মামা পরিবারকে চাপ দিয়ে সব নিজের নামে রেজিস্ট্রি করিয়েছেন। আমার মা কি তাঁর অংশ ফেরত পেতে পারেন?"
prot_0003_03,Sarwad,114,"২০১৩ সালে আমার বোনের বিয়ে হয়। বোন এখন তাঁর স্বামীকে তালাক দিতে চান। বিয়ে কাজি অফিসে নিবন্ধিত হয়েছিল। বর্তমানে আমার বোন কানাডায় থাকেন এবং সে দেশের স্থায়ী বাসিন্দা। তাঁর স্বামী থাকেন বগুড়ায়। তিনি কানাডা যাওয়ার জন্য চেষ্টা করেছেন কিন্তু প্রয়োজনীয় কাগজপত্র পাননি। আমি ঢাকায় থাকি। বোনের তালাকের আইনি প্রক্রিয়া কি আমরা ঢাকা থেকেই করতে পারব, নাকি বগুড়ায় যেতে হবে? তালাকের প্রক্রিয়া কি কাজি অফিসের মাধ্যমেই করতে হবে? আরেকটি বিষয়। আমরা তিন ভাই, তিন বোন। একই ভবনে আমাদের সাতটা ফ্ল্যাট রয়েছে। এর একটি আমার মায়ের। এখন আমার মা চাচ্ছেন ফ্ল্যাটটি তাঁর ছেলেমেয়েদের উইল করে দিয়ে দিতে। তিনি কি মুসলিম আইন অনুযায়ী এটা করতে পারেন? আমরা ভাই ও বোনেরা কি সমান অংশ পাব? নাম প্রকাশে অনিচ্ছুক","২০১৩ সালে আমার বোনের বিয়ে হয়। বোন এখন তাঁর স্বামীকে তালাক দিতে চান। বিয়ে কাজি অফিসে নিবন্ধিত হয়েছিল। বর্তমানে আমার বোন কানাডায় থাকেন এবং সে দেশের স্থায়ী বাসিন্দা। তাঁর স্বামী থাকেন বগুড়ায়। তিনি কানাডা যাওয়ার জন্য চেষ্টা করেছেন কিন্তু প্রয়োজনীয় কাগজপত্র পাননি। আমি ঢাকায় থাকি। বোনের তালাকের আইনি প্রক্রিয়া কি আমরা ঢাকা থেকেই করতে পারব, নাকি বগুড়ায় যেতে হবে? তালাকের প্রক্রিয়া কি কাজি অফিসের মাধ্যমেই করতে হবে? আরেকটি বিষয়। আমরা তিন ভাই, তিন বোন। একই ভবনে আমাদের সাতটা ফ্ল্যাট রয়েছে। এর একটি আমার মায়ের। এখন আমার মা চাচ্ছেন ফ্ল্যাটটি তাঁর ছেলেমেয়েদের উইল করে দিয়ে দিতে। তিনি কি মুসলিম আইন অনুযায়ী এটা করতে পারেন? আমরা ভাই ও বোনেরা কি সমান অংশ পাব? নাম প্রকাশে অনিচ্ছুক",yes,,exact copy of copyrighted source question,"আমার বোনের বিয়ে ২০১৩ সালে কাজি অফিসে নিবন্ধিত হয়। তিনি এখন কানাডার স্থায়ী বাসিন্দা, স্বামী অন্য জেলায় থাকেন। বাংলাদেশে থাকা আমরা কি ঢাকা থেকে তালাকের প্রক্রিয়া করতে পারব, নাকি স্বামীর জেলায় বা কাজি অফিসে যেতে হবে? আবার আমাদের মায়ের সাতটি ফ্ল্যাটের একটি তিনি তিন ছেলে ও তিন মেয়েকে উইল করতে চান। মুসলিম আইনে তা সম্ভব হলে সবাই কি সমান ভাগ পাব?"
prot_0004_04,Sarwad,23,"পাবলিক প্লেসে ধূমপানের অপরাধে কত দিনের সাজা হতে পারে? ধূমপানের কারণে কাউকে শাস্তি দিতে হলে, আমি কীভাবে পুলিশের সাহায্য পাব? মেরিনা বুশরা কুমিল্লা","পাবলিক প্লেসে ধূমপানের অপরাধে কত দিনের সাজা হতে পারে? ধূমপানের কারণে কাউকে শাস্তি দিতে হলে, আমি কীভাবে পুলিশের সাহায্য পাব? মেরিনা বুশরা কুমিল্লা",yes,,exact copy of copyrighted source question,প্রকাশ্য স্থানে ধূমপান করলে জেল বা অন্য কী শাস্তি হয়? কাউকে এ অপরাধে শাস্তি দিতে পুলিশের সহায়তা চাইলে কীভাবে এগোতে হবে?
prot_0006_04,Sarwad,22,আমরা দুই বোন ও এক ভাই। আমি শুনেছি মৃত পিতার বসতবাড়ির সম্পত্তিতে মেয়েদের কোনো অধিকার থাকে না। এটা কি সত্য? তানিয়া শারমীন,আমরা দুই বোন ও এক ভাই। আমি শুনেছি মৃত পিতার বসতবাড়ির সম্পত্তিতে মেয়েদের কোনো অধিকার থাকে না। এটা কি সত্য? তানিয়া শারমীন,yes,,exact copy of copyrighted source question,আমরা দুই বোন ও এক ভাই। বাবা মারা যাওয়ার পর শুনছি তাঁর বসতবাড়িতে মেয়েদের কোনো অধিকার নেই। কথাটা কি আইনে সত্য?
prot_0010_01,Sarwad,85,"আমার বয়স ১৯ বছর। গত চার বছর ধরে আমার একটি মেয়ের সঙ্গে গভীর সম্পর্ক চলছে। আমাদের সম্পর্ক খুব ভালোভাবেই কাটছে। দুজনে সিদ্ধান্ত নিয়েছি, আমরা বিয়ে করব। কিন্তু মেয়েটির বয়স ১৬ বছর। তাই আমরা আগামী দুই বছর অপেক্ষা করেই বিয়ের কাজ সম্পন্ন করতে চাচ্ছি। কিন্তু আমাদের দুজনের ধর্ম আলাদা। বিষয়টি মেয়ের পরিবারে জানাজানির পর তারা সাফ জানিয়ে দিয়েছে, তারা কোনোভাবেই মেনে নেবে না। তাই আমরা সিদ্ধান্ত নিয়েছি বিয়ের সময় হলে, পালিয়ে গিয়ে বিয়ে করব। আমরা কীভাবে আমাদের বিয়ে সম্পন্ন করতে পারি? নাম ও ঠিকানা প্রকাশে অনিচ্ছুক","আমার বয়স ১৯ বছর। গত চার বছর ধরে আমার একটি মেয়ের সঙ্গে গভীর সম্পর্ক চলছে। আমাদের সম্পর্ক খুব ভালোভাবেই কাটছে। দুজনে সিদ্ধান্ত নিয়েছি, আমরা বিয়ে করব। কিন্তু মেয়েটির বয়স ১৬ বছর। তাই আমরা আগামী দুই বছর অপেক্ষা করেই বিয়ের কাজ সম্পন্ন করতে চাচ্ছি। কিন্তু আমাদের দুজনের ধর্ম আলাদা। বিষয়টি মেয়ের পরিবারে জানাজানির পর তারা সাফ জানিয়ে দিয়েছে, তারা কোনোভাবেই মেনে নেবে না। তাই আমরা সিদ্ধান্ত নিয়েছি বিয়ের সময় হলে, পালিয়ে গিয়ে বিয়ে করব। আমরা কীভাবে আমাদের বিয়ে সম্পন্ন করতে পারি? নাম ও ঠিকানা প্রকাশে অনিচ্ছুক",no,,exact copy of copyrighted source question,"আমার বয়স ১৯, আর চার বছর ধরে ১৬ বছরের এক মেয়ের সঙ্গে সম্পর্ক। আমরা তার ১৮ বছর হওয়া পর্যন্ত অপেক্ষা করে বিয়ে করতে চাই, কিন্তু ধর্ম আলাদা বলে পরিবার মানছে না। বয়স হলে পালিয়ে গিয়ে আইনিভাবে কীভাবে বিয়ে করতে পারি?"
prot_0011_05,Sarwad,178,"আমি আমার বাবার দ্বিতীয় পক্ষের মেয়েসন্তান। আমরা দুই বোন এক ভাই। বড় বোন বিবাহিত। আমি স্নাতক (সম্মান) চতুর্থ বর্ষে আর আমার ভাই প্রথম বর্ষে পড়াশোনা করে। এক সপ্তাহ আগে আমার বাবা গোপনে তাঁর সমস্ত সম্পত্তি (২ একর ৬৭ শতক) তাঁর প্রথম পক্ষের দুই ছেলেকে দলিল করে দিয়েছেন। আমার ভাইকে কোনো সম্পত্তি না দিয়ে, তাঁকে উত্তরাধিকার থেকে বঞ্চিত করেছেন। আমার বাবা আমাদের দুই ভাইবোনের পড়াশোনার কোনো খরচ বহন করেন না এবং মাসহ আমাদের কোনো ভরণপোষণ দেন না। তাতে আমরা মৌখিকভাবে অনেক অভিযোগ করলেও কোনো লাভ হয়নি। কিন্তু শেষ পর্যন্ত বাবার সম্পত্তি থেকে বঞ্চিত হব, এটা কোনোভাবেই আমরা মেনে নিতে পারছি না। এমনকি তিনি আমাদের বসতবাড়িটাও তাঁর দুই ছেলের নামে লিখে দিয়েছেন। আমাদের বাড়ি থেকে তাড়িয়ে দিয়েছেন। তবে এখনো তাঁর ৬৯ শতক জমি ব্যাংকের কাছে দায়বদ্ধ (মর্টগেজ) আছে। এখন প্রশ্ন হলো, আমরা বাবার এই অন্যায় কাজের বিরুদ্ধে কী ধরনের পদক্ষেপ নিতে পারি এবং উত্তরাধিকার সূত্রে কীভাবে তাঁর সম্পত্তির অংশ পেতে পারি। সঠিক আইনটি জানালে আমরা অনেক উপকৃত হব। বাংলাদেশে কি এমন আইন করা যায় না, যেখানে কোনো বাবাই তাঁর কোনো সন্তানকে তার ন্যায্য পাওনা থেকে বঞ্চিত করতে পারবেন না? সুলতানা","আমি আমার বাবার দ্বিতীয় পক্ষের মেয়েসন্তান। আমরা দুই বোন এক ভাই। বড় বোন বিবাহিত। আমি স্নাতক (সম্মান) চতুর্থ বর্ষে আর আমার ভাই প্রথম বর্ষে পড়াশোনা করে। এক সপ্তাহ আগে আমার বাবা গোপনে তাঁর সমস্ত সম্পত্তি (২ একর ৬৭ শতক) তাঁর প্রথম পক্ষের দুই ছেলেকে দলিল করে দিয়েছেন। আমার ভাইকে কোনো সম্পত্তি না দিয়ে, তাঁকে উত্তরাধিকার থেকে বঞ্চিত করেছেন। আমার বাবা আমাদের দুই ভাইবোনের পড়াশোনার কোনো খরচ বহন করেন না এবং মাসহ আমাদের কোনো ভরণপোষণ দেন না। তাতে আমরা মৌখিকভাবে অনেক অভিযোগ করলেও কোনো লাভ হয়নি। কিন্তু শেষ পর্যন্ত বাবার সম্পত্তি থেকে বঞ্চিত হব, এটা কোনোভাবেই আমরা মেনে নিতে পারছি না। এমনকি তিনি আমাদের বসতবাড়িটাও তাঁর দুই ছেলের নামে লিখে দিয়েছেন। আমাদের বাড়ি থেকে তাড়িয়ে দিয়েছেন। তবে এখনো তাঁর ৬৯ শতক জমি ব্যাংকের কাছে দায়বদ্ধ (মর্টগেজ) আছে। এখন প্রশ্ন হলো, আমরা বাবার এই অন্যায় কাজের বিরুদ্ধে কী ধরনের পদক্ষেপ নিতে পারি এবং উত্তরাধিকার সূত্রে কীভাবে তাঁর সম্পত্তির অংশ পেতে পারি। সঠিক আইনটি জানালে আমরা অনেক উপকৃত হব। বাংলাদেশে কি এমন আইন করা যায় না, যেখানে কোনো বাবাই তাঁর কোনো সন্তানকে তার ন্যায্য পাওনা থেকে বঞ্চিত করতে পারবেন না? সুলতানা",yes,,exact copy of copyrighted source question,"আমি বাবার দ্বিতীয় স্ত্রীর মেয়ে; আমরা দুই বোন ও এক ভাই, দুজন এখনো পড়ি। বাবা আমাদের খরচ বা ভরণপোষণ দেন না এবং ২ একর ৬৭ শতকসহ বসতবাড়ি প্রথম পক্ষের দুই ছেলেকে গোপনে লিখে দিয়ে আমাদের বের করেছেন। শুধু ব্যাংকে বন্ধক থাকা ৬৯ শতক বাকি। এই হস্তান্তরের বিরুদ্ধে কী করতে পারি, এবং বাবার সম্পত্তিতে উত্তরাধিকার কীভাবে পাব?"
prot_0012_04,Sarwad,81,"আমার বয়স ২২ বছর। আমার বাবা প্রথম পক্ষের স্ত্রীর গর্ভে বাচ্চা থাকা অবস্থায় তাঁকে তালাক দেন। সেটা ১৯৯০ সালে। এখন পর্যন্ত তাঁদের সঙ্গে কোনো যোগাযোগ নেই। আমার মা দ্বিতীয় পক্ষ। আমাদের ভিটাবাড়ি ছাড়া আর কোনো জমি নেই। আমাদের আর্থিক অবস্থা ভালো না। আমি এখন সংসার চালাই, বাবার বয়স হয়েছে। তিনি এখন আর কাজ করতে পারেন না। এখন কি প্রথম পক্ষের সন্তান আমার বাবার সম্পত্তির ভাগ পাবে। আমার বাবা আমার নামে সম্পত্তি দলিল করে দিলে কি আইনিভাবে বৈধ হবে? নাম প্রকাশে অনিচ্ছুক","আমার বয়স ২২ বছর। আমার বাবা প্রথম পক্ষের স্ত্রীর গর্ভে বাচ্চা থাকা অবস্থায় তাঁকে তালাক দেন। সেটা ১৯৯০ সালে। এখন পর্যন্ত তাঁদের সঙ্গে কোনো যোগাযোগ নেই। আমার মা দ্বিতীয় পক্ষ। আমাদের ভিটাবাড়ি ছাড়া আর কোনো জমি নেই। আমাদের আর্থিক অবস্থা ভালো না। আমি এখন সংসার চালাই, বাবার বয়স হয়েছে। তিনি এখন আর কাজ করতে পারেন না। এখন কি প্রথম পক্ষের সন্তান আমার বাবার সম্পত্তির ভাগ পাবে। আমার বাবা আমার নামে সম্পত্তি দলিল করে দিলে কি আইনিভাবে বৈধ হবে? নাম প্রকাশে অনিচ্ছুক",no,,exact copy of copyrighted source question,"আমার বয়স ২২। বাবা ১৯৯০ সালে প্রথম স্ত্রীকে গর্ভাবস্থায় তালাক দেন; তাঁদের সঙ্গে আর যোগাযোগ নেই। আমি দ্বিতীয় স্ত্রীর সন্তান, আমাদের শুধু ভিটাবাড়ি আছে এবং এখন আমিই সংসার চালাই। প্রথম পক্ষের সন্তান কি বাবার সম্পত্তি পাবে? বাবা আমার নামে দলিল করলে তা বৈধ হবে?"
prot_0018_03,Sarwad,47,"আমি বড় হওয়ার পর দাদার কাছে আমাদের প্রাপ্য সম্পত্তি চাইতে গেলে দাদা ও চাচারা বলেন, আমার বাবা দাদার আগে মারা গেছেন। সে জন্য আমরা কোনো সম্পত্তি পাব না। এর কিছুদিন পর দাদা মারা যান। তিনি কারও নামে কোনো দলিল করে দিয়ে যাননি। আইনগতভাবে আমরা কি সম্পত্তি পাব?","আমি বড় হওয়ার পর দাদার কাছে আমাদের প্রাপ্য সম্পত্তি চাইতে গেলে দাদা ও চাচারা বলেন, আমার বাবা দাদার আগে মারা গেছেন। সে জন্য আমরা কোনো সম্পত্তি পাব না। এর কিছুদিন পর দাদা মারা যান। তিনি কারও নামে কোনো দলিল করে দিয়ে যাননি। আইনগতভাবে আমরা কি সম্পত্তি পাব?",no,,exact copy of copyrighted source question,বাবা দাদার আগেই মারা যাওয়ায় দাদা-চাচারা বলেছিলেন আমরা কোনো সম্পত্তি পাব না। পরে দাদাও কোনো দলিল না করে মারা গেছেন। বাবার সন্তান হিসেবে আমরা কি দাদার সম্পত্তিতে অংশ পাব?
prot_0026_02,Sarwad,60,"আমার ছোট বোন ও তার স্বামীর তালাক হয়ে গেছে প্রায় আট মাস। তালাক আমার বোনই দেয়, তার স্বামীর কাছে তিনবার তালাকের নোটিশও গিয়েছে। এখন তারা নিজেরা ভুল বুঝতে পেরেছে এবং আবার সংসার করতে চায়। ইসলামের দৃষ্টিতে তারা কি আবার বিয়ে করতে পারে? এখন কি আমার বোনকে হিল্লা বিয়ে করতে হবে? বাংলাদেশের প্রেক্ষাপটে এভাবে বিয়ে করাটা কি যুক্তিসংগত হবে? মেহজাবিন রহমান","আমার ছোট বোন ও তার স্বামীর তালাক হয়ে গেছে প্রায় আট মাস। তালাক আমার বোনই দেয়, তার স্বামীর কাছে তিনবার তালাকের নোটিশও গিয়েছে। এখন তারা নিজেরা ভুল বুঝতে পেরেছে এবং আবার সংসার করতে চায়। ইসলামের দৃষ্টিতে তারা কি আবার বিয়ে করতে পারে? এখন কি আমার বোনকে হিল্লা বিয়ে করতে হবে? বাংলাদেশের প্রেক্ষাপটে এভাবে বিয়ে করাটা কি যুক্তিসংগত হবে? মেহজাবিন রহমান",yes,,exact copy of copyrighted source question,"আমার ছোট বোন আট মাস আগে স্বামীকে তালাক দিয়েছে এবং তিনবার নোটিশ গেছে। এখন দুজন ভুল বুঝে আবার সংসার করতে চায়। তারা কি পুনরায় বিয়ে করতে পারবে, নাকি হিল্লা বিয়ে লাগবে? বাংলাদেশে এমন বিয়ে আইনসম্মত কি?"
prot_0032_03,Sarwad,45,"বাবা আমার মায়ের নামে জমি ও বাড়ি দানপত্র রেজিস্ট্রি করে গেছেন। আমি বিবাহিত, তাই হিন্দু আইনে কোনো সম্পত্তি পাব না। মা আমাকে বিয়ের খরচ বাবদ কিছু জমি ও বাড়ি দিতে চান। দলিলটি কীভাবে লিখলে তা গ্রহণযোগ্য হবে। ভাই মামলা করলে আইন কি আমার পক্ষে থাকবে?","বাবা আমার মায়ের নামে জমি ও বাড়ি দানপত্র রেজিস্ট্রি করে গেছেন। আমি বিবাহিত, তাই হিন্দু আইনে কোনো সম্পত্তি পাব না। মা আমাকে বিয়ের খরচ বাবদ কিছু জমি ও বাড়ি দিতে চান। দলিলটি কীভাবে লিখলে তা গ্রহণযোগ্য হবে। ভাই মামলা করলে আইন কি আমার পক্ষে থাকবে?",no,,exact copy of copyrighted source question,বাবা জমি-বাড়ি মায়ের নামে দানপত্রে রেজিস্ট্রি করে গেছেন। বিবাহিত হিন্দু মেয়ে বলে আমি উত্তরাধিকার পাব না শুনেছি। মা বিয়ের খরচ হিসেবে আমাকে কিছু সম্পত্তি দিতে চান। কোন দলিলে দিলে তা টিকবে এবং ভাই মামলা করলে আইন কি আমার পক্ষে থাকবে?
prot_0035_04,Sarwad,43,"আমরা দুই ভাই, এক বোন। বাবা মারা গেছেন। আমাদের একমাত্র চাচা এখন আমাদের পৈতৃক সূত্রে পাওয়া জমির ভোগদখল করছেন। আমরা আমাদের বাবার ভাগ চাইতে গেলে তিনি হুমকি দেন। স্থানীয় মানুষও তাতে সমর্থন দেন। আমরা কীভাবে আমাদের পাওনা অংশটুকু পেতে পারি? নাম প্রকাশে অনিচ্ছুক","আমরা দুই ভাই, এক বোন। বাবা মারা গেছেন। আমাদের একমাত্র চাচা এখন আমাদের পৈতৃক সূত্রে পাওয়া জমির ভোগদখল করছেন। আমরা আমাদের বাবার ভাগ চাইতে গেলে তিনি হুমকি দেন। স্থানীয় মানুষও তাতে সমর্থন দেন। আমরা কীভাবে আমাদের পাওনা অংশটুকু পেতে পারি? নাম প্রকাশে অনিচ্ছুক",no,,exact copy of copyrighted source question,"আমরা দুই ভাই ও এক বোন; বাবা মারা গেছেন। একমাত্র চাচা বাবার পৈতৃক জমির অংশ দখল করে আছেন এবং চাইলে হুমকি দেন, স্থানীয়রাও তাঁকে সমর্থন করে। নিজেদের অংশ কীভাবে উদ্ধার করব?"
prot_0037_06,Sarwad,38,এখন আমরা বিয়ে করতে চাই। কিন্তু মেয়েটির বয়স ১৮ বছর হয়নি। জন্মনিবন্ধন অনুযায়ী তার বয়স ১৭ বছর আট মাস। আমি কি তার ১৮ বছর বয়স হলে বিয়ে করতে পারব। পরে মেয়েটির পরিবার আমাদের কোনো ক্ষতি করতে পারবে কি?,এখন আমরা বিয়ে করতে চাই। কিন্তু মেয়েটির বয়স ১৮ বছর হয়নি। জন্মনিবন্ধন অনুযায়ী তার বয়স ১৭ বছর আট মাস। আমি কি তার ১৮ বছর বয়স হলে বিয়ে করতে পারব। পরে মেয়েটির পরিবার আমাদের কোনো ক্ষতি করতে পারবে কি?,no,,exact copy of copyrighted source question,"আমরা বিয়ে করতে চাই, কিন্তু জন্মনিবন্ধনে মেয়েটির বয়স এখন ১৭ বছর ৮ মাস। সে ১৮ হলে কি আমরা আইনিভাবে বিয়ে করতে পারব? পরে তার পরিবার আমাদের বিরুদ্ধে কিছু করতে পারবে?"
prot_0040_03,Sarwad,79,"আমার মামা প্রবাসী। মামার স্ত্রী দেশে থাকেন। তিনি বেড়ানোর নাম করে মামার বাড়ি থেকে তাঁর বাপের বাড়িতে চলে যান। কিছুদিন পর আমরা অর্থাৎ মামার আত্মীয় স্বজন শুনতে পাই (ইউনিয়ন পরিষদের মাধ্যমে) যে, তিনি মামাকে তালাক দিয়েছেন। তবে আমার মামা এখনো প্রায় ১৩-১৪ মাস হলো কোনো কাগজপত্র পাননি। প্রশ্ন হলো ইসলামি আইনে স্ত্রীর তালাক দেওয়া বৈধ কি না? এবং আমার মামা যদি দেশে ফিরে তাঁর স্ত্রীকে আবার ঘরে আনতে চান (স্ত্রীর ইচ্ছায়), তাহলে কীভাবে আনতে পারবেন। নাম প্রকাশে অনিচ্ছুক ঢাকা","আমার মামা প্রবাসী। মামার স্ত্রী দেশে থাকেন। তিনি বেড়ানোর নাম করে মামার বাড়ি থেকে তাঁর বাপের বাড়িতে চলে যান। কিছুদিন পর আমরা অর্থাৎ মামার আত্মীয় স্বজন শুনতে পাই (ইউনিয়ন পরিষদের মাধ্যমে) যে, তিনি মামাকে তালাক দিয়েছেন। তবে আমার মামা এখনো প্রায় ১৩-১৪ মাস হলো কোনো কাগজপত্র পাননি। প্রশ্ন হলো ইসলামি আইনে স্ত্রীর তালাক দেওয়া বৈধ কি না? এবং আমার মামা যদি দেশে ফিরে তাঁর স্ত্রীকে আবার ঘরে আনতে চান (স্ত্রীর ইচ্ছায়), তাহলে কীভাবে আনতে পারবেন। নাম প্রকাশে অনিচ্ছুক ঢাকা",yes,,exact copy of copyrighted source question,"প্রবাসী মামার স্ত্রী বেড়ানোর কথা বলে বাবার বাড়ি গিয়ে ইউনিয়ন পরিষদের মাধ্যমে তালাক দিয়েছেন বলে শুনেছি, কিন্তু ১৩-১৪ মাসেও মামা কোনো কাগজ পাননি। স্ত্রী কি ইসলামি আইনে এভাবে তালাক দিতে পারেন? দুজন চাইলে মামা দেশে ফিরে কীভাবে আবার সংসার করবেন?"
prot_0044_03,Sarwad,126,"আমরা ছয় ভাই, আমি বড়। আমি ২০০৯ সালে আমার পছন্দের মেয়েকে আমার বাবার বিনা অনুমতিতে বিয়ে করি। চার বছর ধরে আমার সঙ্গে আমার বাবার যোগাযোগ নেই। আমি যোগাযোগ করার অনেকবার চেষ্টা করেছি, তিনি আমাদের মেনে নেননি। বর্তমানে আমার বাবা একটা মেয়েকে দত্তক নিতে চান। মাকে জোর করে রাজি করাতে চান। তিনি আমাদের ও মায়ের বিনা অনুমতিতে ওই মেয়েকে দত্তক নিতে পারবেন কি না? আমার মা রাজি না হলে তালাক দেওয়ার হুমকি দিচ্ছেন। এ নিয়ে বাবার বিরুদ্ধে আইনগত ব্যবস্থা নিতে পারব কি না। আমাদের অগোচরে বাবা সেই মেয়েকে বিভিন্ন জিনিস ও পড়ালেখার খরচ দেন। এখন আমাকে ও আমার স্ত্রীকে যেহেতু তিনি মেনে নেবেন না, সেহেতু তিনি আমাকে ত্যাজ্যপুত্র করলে বা আমি ত্যাজপুত্র হতে চাইলে আমি আমার বাবার অর্থ ও সম্পত্তির ভাগ পাব কি না? নাম প্রকাশে অনিচ্ছুকসাতক্ষীরা","আমরা ছয় ভাই, আমি বড়। আমি ২০০৯ সালে আমার পছন্দের মেয়েকে আমার বাবার বিনা অনুমতিতে বিয়ে করি। চার বছর ধরে আমার সঙ্গে আমার বাবার যোগাযোগ নেই। আমি যোগাযোগ করার অনেকবার চেষ্টা করেছি, তিনি আমাদের মেনে নেননি। বর্তমানে আমার বাবা একটা মেয়েকে দত্তক নিতে চান। মাকে জোর করে রাজি করাতে চান। তিনি আমাদের ও মায়ের বিনা অনুমতিতে ওই মেয়েকে দত্তক নিতে পারবেন কি না? আমার মা রাজি না হলে তালাক দেওয়ার হুমকি দিচ্ছেন। এ নিয়ে বাবার বিরুদ্ধে আইনগত ব্যবস্থা নিতে পারব কি না। আমাদের অগোচরে বাবা সেই মেয়েকে বিভিন্ন জিনিস ও পড়ালেখার খরচ দেন। এখন আমাকে ও আমার স্ত্রীকে যেহেতু তিনি মেনে নেবেন না, সেহেতু তিনি আমাকে ত্যাজ্যপুত্র করলে বা আমি ত্যাজপুত্র হতে চাইলে আমি আমার বাবার অর্থ ও সম্পত্তির ভাগ পাব কি না? নাম প্রকাশে অনিচ্ছুকসাতক্ষীরা",yes,,exact copy of copyrighted source question,"বাবার অমতে ২০০৯ সালে বিয়ে করায় চার বছর ধরে তিনি যোগাযোগ রাখেন না। এখন মাকে জোর করে রাজি করিয়ে একটি মেয়েকে দত্তক নিতে চান এবং আপত্তি করলে তালাকের হুমকি দেন। তিনি কি পরিবারের অনুমতি ছাড়া দত্তক নিতে পারেন, আর আমরা কী ব্যবস্থা নিতে পারি? বাবা আমাকে ত্যাজ্য করলে বা আমি সম্পর্ক ছাড়লে তাঁর সম্পত্তির ভাগ পাব কি?"
prot_0046_01,Sarwad,104,"প্রায় চার বছর সম্পর্কের পর আমি বিয়ে করি। বিয়ের শর্ত ছিল, যেহেতু আমার দুই ভাই বিদেশে অবস্থান করছেন, তাই আপাতত শুধু কাবিন হয়ে থাকুক। দুই বছর পর তাঁরা একসঙ্গে দেশে এলে আনুষ্ঠানিকভাবে স্ত্রীকে আমার বাড়িতে নিয়ে আসব। আমাদের মধ্যে পারিবারিকভাবেই বিয়ে হয় এবং ওপরে উল্লিখিত সিদ্ধান্ত হয়। আমিও নিয়মিত শ্বশুরবাড়িতে যাওয়া-আসা করি। কিন্তু আমার স্ত্রীকে এখন খুবই হতাশাগ্রস্ত মনে হয়। সে আমাকে সব সময় চাপ দেয় তাকে আমার বাড়িতে নিয়ে আসার জন্য। আমি তাকে বলি, যেহেতু আগামী মাসে দুই ভাই দেশে আসবেন, তাই একটু ধৈর্য ধারণ করো, অক্টোবর মাসেই তোমাকে আমার বাড়িতে নিয়ে আসব। কিন্তু সে মানতে নারাজ। এ অবস্থায় আমি কী করতে পারি?নাছিমব্রাহ্মণবাড়িয়া","প্রায় চার বছর সম্পর্কের পর আমি বিয়ে করি। বিয়ের শর্ত ছিল, যেহেতু আমার দুই ভাই বিদেশে অবস্থান করছেন, তাই আপাতত শুধু কাবিন হয়ে থাকুক। দুই বছর পর তাঁরা একসঙ্গে দেশে এলে আনুষ্ঠানিকভাবে স্ত্রীকে আমার বাড়িতে নিয়ে আসব। আমাদের মধ্যে পারিবারিকভাবেই বিয়ে হয় এবং ওপরে উল্লিখিত সিদ্ধান্ত হয়। আমিও নিয়মিত শ্বশুরবাড়িতে যাওয়া-আসা করি। কিন্তু আমার স্ত্রীকে এখন খুবই হতাশাগ্রস্ত মনে হয়। সে আমাকে সব সময় চাপ দেয় তাকে আমার বাড়িতে নিয়ে আসার জন্য। আমি তাকে বলি, যেহেতু আগামী মাসে দুই ভাই দেশে আসবেন, তাই একটু ধৈর্য ধারণ করো, অক্টোবর মাসেই তোমাকে আমার বাড়িতে নিয়ে আসব। কিন্তু সে মানতে নারাজ। এ অবস্থায় আমি কী করতে পারি?নাছিমব্রাহ্মণবাড়িয়া",yes,,exact copy of copyrighted source question,"চার বছরের সম্পর্কের পর পারিবারিকভাবে আমাদের কাবিন হয়। কথা ছিল, বিদেশে থাকা দুই ভাই দুই বছর পর একসঙ্গে ফিরলে স্ত্রীকে অনুষ্ঠান করে বাড়ি আনব; আমি নিয়মিত শ্বশুরবাড়ি যাই। এখন ভাইরা আগামী মাসে ফিরবে এবং অক্টোবরে তাকে আনব বললেও স্ত্রী হতাশ হয়ে এখনই যেতে চাপ দিচ্ছে। এ অবস্থায় কী করব?"
prot_0047_04,Sarwad,109,"আমাদের দাম্পত্য জীবন ১৬ বছরের। আমার দুটি কন্যাসন্তান আছে। বড় মেয়ে পড়ে পঞ্চম শ্রেণীতে, আর ছোট মেয়ে পড়ে তৃতীয় শ্রেণীতে। আমার সাবেক স্বামী সরকারি চাকরিজীবী। পাঁচ মাস আগে আমাদের খোলা তালাক হয়ে যায়। তালাকের পর থেকে মেয়ে দুটি আমার কাছে থাকে। আমি বর্তমানে বেকার। আমার বাবা সংসার চালাচ্ছে এবং সাবেক স্বামী ১৫ হাজার টাকা দিচ্ছে প্রতি মাসে দুই কন্যার খরচ বাবদ।এখন আমার পরিবারের ইচ্ছায় আমি চাইছি অন্য কোথাও বিয়ে করতে। আমার প্রশ্ন হচ্ছে, আমি বিয়ে করলে বাচ্চা দুটি কি আমি আমার কাছে রাখতে পারব? তাদের বাবা তাদের নিয়ে যেতে প্রস্তুত। কিন্তু সে নেশাগ্রস্ত মানুষ। তাই একজন নেশাগ্রস্ত মানুষের কাছে আমার সন্তানদের ভবিষ্যৎ নষ্ট করতে চাই না।সাদিয়া আক্তারঠিকানা প্রকাশে অনিচ্ছুক","আমাদের দাম্পত্য জীবন ১৬ বছরের। আমার দুটি কন্যাসন্তান আছে। বড় মেয়ে পড়ে পঞ্চম শ্রেণীতে, আর ছোট মেয়ে পড়ে তৃতীয় শ্রেণীতে। আমার সাবেক স্বামী সরকারি চাকরিজীবী। পাঁচ মাস আগে আমাদের খোলা তালাক হয়ে যায়। তালাকের পর থেকে মেয়ে দুটি আমার কাছে থাকে। আমি বর্তমানে বেকার। আমার বাবা সংসার চালাচ্ছে এবং সাবেক স্বামী ১৫ হাজার টাকা দিচ্ছে প্রতি মাসে দুই কন্যার খরচ বাবদ।এখন আমার পরিবারের ইচ্ছায় আমি চাইছি অন্য কোথাও বিয়ে করতে। আমার প্রশ্ন হচ্ছে, আমি বিয়ে করলে বাচ্চা দুটি কি আমি আমার কাছে রাখতে পারব? তাদের বাবা তাদের নিয়ে যেতে প্রস্তুত। কিন্তু সে নেশাগ্রস্ত মানুষ। তাই একজন নেশাগ্রস্ত মানুষের কাছে আমার সন্তানদের ভবিষ্যৎ নষ্ট করতে চাই না।সাদিয়া আক্তারঠিকানা প্রকাশে অনিচ্ছুক",yes,,exact copy of copyrighted source question,"১৬ বছরের সংসারের পর পাঁচ মাস আগে খোলা তালাক হয়েছে। পঞ্চম ও তৃতীয় শ্রেণিপড়ুয়া দুই মেয়ে আমার কাছে থাকে; বেকার হওয়ায় বাবা সংসার চালান, আর সাবেক স্বামী মাসে ১৫ হাজার টাকা দেন। আমি আবার বিয়ে করলে কি মেয়েদের রাখতে পারব? তাদের বাবা নিতে চান, কিন্তু তিনি নেশাগ্রস্ত বলে সন্তানদের নিরাপত্তা নিয়ে ভয় পাচ্ছি।"
prot_0049_01,Sarwad,98,"পলিটেকনিক ইনস্টিটিউটে পড়ার সময় একটি ছেলের সঙ্গে আমার সম্পর্ক হয়। এর পরিপ্রেক্ষিতে ২০১১ সালে ওই ছেলের সঙ্গে প্রথমে মৌলভির সামনে বিয়ে হয় এবং পরবর্তী সময়ে নোটারি পাবলিকের মাধ্যমে বিয়ের এফিডেভিট করি, যা আমার পরিবারের কেউ জানে না। পড়া শেষ করে এখন আমি চাকরি করি এবং সে তার বাড়িতে থাকে। বর্তমানে সে আমাকে সন্দেহ করে এবং তালাক পর্যন্ত দিতে চায়। আমার মনে হচ্ছে, যার মধ্যে সন্দেহ ঢুকে গেছে, তার সঙ্গে সম্পর্ক রাখা ঠিক হবে না। আমিও তাকে তালাক দিতে ইচ্ছুক। তালাক দিতে চাইলে কী করতে হবে? আমি তাকে তালাক দিলে কি মোহরানা পাব? উল্লেখ্য, বিয়ের সব কাগজপত্র তার কাছে।সুমাচট্টগ্রাম","পলিটেকনিক ইনস্টিটিউটে পড়ার সময় একটি ছেলের সঙ্গে আমার সম্পর্ক হয়। এর পরিপ্রেক্ষিতে ২০১১ সালে ওই ছেলের সঙ্গে প্রথমে মৌলভির সামনে বিয়ে হয় এবং পরবর্তী সময়ে নোটারি পাবলিকের মাধ্যমে বিয়ের এফিডেভিট করি, যা আমার পরিবারের কেউ জানে না। পড়া শেষ করে এখন আমি চাকরি করি এবং সে তার বাড়িতে থাকে। বর্তমানে সে আমাকে সন্দেহ করে এবং তালাক পর্যন্ত দিতে চায়। আমার মনে হচ্ছে, যার মধ্যে সন্দেহ ঢুকে গেছে, তার সঙ্গে সম্পর্ক রাখা ঠিক হবে না। আমিও তাকে তালাক দিতে ইচ্ছুক। তালাক দিতে চাইলে কী করতে হবে? আমি তাকে তালাক দিলে কি মোহরানা পাব? উল্লেখ্য, বিয়ের সব কাগজপত্র তার কাছে।সুমাচট্টগ্রাম",yes,,exact copy of copyrighted source question,"পড়ার সময় পরিচিত এক ছেলেকে ২০১১ সালে গোপনে প্রথমে মৌলভির সামনে বিয়ে করি, পরে নোটারি দিয়ে এফিডেভিট করি। এখন সে সন্দেহ করে এবং তালাক চায়; আমিও সম্পর্ক শেষ করতে চাই। স্ত্রী হিসেবে কীভাবে তালাক দেব, দেনমোহর পাব কি, আর সব কাগজ তার কাছে থাকলে কী করব?"
prot_0051_02,Sarwad,72,"আমার বয়স যখন তিন বছর, তখন আমার মা আমাকে একাকী রেখে মারা যান। তারপর আমার বাবা দ্বিতীয় বিয়ে করেন। সেই সংসারে পাঁচ মেয়ে ও তিন ছেলে রেখে আমার বাবা মারা যান। কিছুদিন পর আমার দ্বিতীয় মায়ের ছোট ছেলে মারা যায়। তা হলে ওই ছোট ভাইয়ের সম্পত্তির অংশ আমি পাব কি না? অথবা কে কে তার সম্পত্তির অংশীদার তা জানালে উপকৃত হব। আমার ছোট ভাই বিয়ে করেনি, তার কোনো সন্তান নেই।এ এস সরকারপাবনা","আমার বয়স যখন তিন বছর, তখন আমার মা আমাকে একাকী রেখে মারা যান। তারপর আমার বাবা দ্বিতীয় বিয়ে করেন। সেই সংসারে পাঁচ মেয়ে ও তিন ছেলে রেখে আমার বাবা মারা যান। কিছুদিন পর আমার দ্বিতীয় মায়ের ছোট ছেলে মারা যায়। তা হলে ওই ছোট ভাইয়ের সম্পত্তির অংশ আমি পাব কি না? অথবা কে কে তার সম্পত্তির অংশীদার তা জানালে উপকৃত হব। আমার ছোট ভাই বিয়ে করেনি, তার কোনো সন্তান নেই।এ এস সরকারপাবনা",yes,,exact copy of copyrighted source question,"আমি তিন বছর বয়সে মাকে হারাই। বাবার দ্বিতীয় সংসারে পাঁচ মেয়ে ও তিন ছেলে ছিল; বাবা মারা যাওয়ার পর সেই পক্ষের ছোট ছেলে মারা গেছে। সে অবিবাহিত ও নিঃসন্তান ছিল। তার সম্পত্তিতে আমি অংশ পাব কি, আর অন্য উত্তরাধিকারী কারা?"
prot_0056_04,Sarwad,86,"আমি একজন সরকারি চাকরিজীবী। এক বছর আগে আমার এক আত্মীয়ের মেয়েকে বিয়ে করি। কিন্তু বিয়ের কয়েক সপ্তাহ পরে জানতে পারি, বিয়ের আগে তার অন্য এক ছেলের সঙ্গে সম্পর্ক ছিল। আমি তাকে খুব ভালোবাসতাম। কিন্তু এ কথা জানার পর তাকে আর মেনে নিতে পারছি না। মেয়েটি তার সম্পর্কের কথা স্বীকার করে না। কিন্তু তার আত্মীয়স্বজন, বন্ধুবান্ধব আমাকে বলেছে। তার সঙ্গে আমার দু-একদিন পরপর ঝগড়া হয়। আমি তাঁকে তালাকের কথা বললে সে রাজি হয় না। কিন্তু আমি আর সংসার করতে চাই না। তাঁকে কীভাবে তালাক দেব?নাম প্রকাশে অনিচ্ছুক","আমি একজন সরকারি চাকরিজীবী। এক বছর আগে আমার এক আত্মীয়ের মেয়েকে বিয়ে করি। কিন্তু বিয়ের কয়েক সপ্তাহ পরে জানতে পারি, বিয়ের আগে তার অন্য এক ছেলের সঙ্গে সম্পর্ক ছিল। আমি তাকে খুব ভালোবাসতাম। কিন্তু এ কথা জানার পর তাকে আর মেনে নিতে পারছি না। মেয়েটি তার সম্পর্কের কথা স্বীকার করে না। কিন্তু তার আত্মীয়স্বজন, বন্ধুবান্ধব আমাকে বলেছে। তার সঙ্গে আমার দু-একদিন পরপর ঝগড়া হয়। আমি তাঁকে তালাকের কথা বললে সে রাজি হয় না। কিন্তু আমি আর সংসার করতে চাই না। তাঁকে কীভাবে তালাক দেব?নাম প্রকাশে অনিচ্ছুক",no,,exact copy of copyrighted source question,"এক বছর আগে এক আত্মীয়ের মেয়েকে বিয়ে করি। কয়েক সপ্তাহ পর শুনি, বিয়ের আগে তার অন্য কারও সঙ্গে সম্পর্ক ছিল; সে অস্বীকার করলেও আত্মীয়-বন্ধুরা বলেছে। এ নিয়ে প্রায়ই ঝগড়া হয়। সে রাজি না হলেও আমি আর সংসার করতে চাই না—কীভাবে তালাক দেব?"
prot_0059_02,Sarwad,154,"আমার বয়স ৪১ বছর এবং আমি তিন সন্তানের মা। ১৯৯৩ সালে পরিবারের কাউকে না জানিয়ে আমার সমবয়সী এক ছেলেকে কাজী অফিসে গিয়ে বিয়ে করে ফেলি। বিয়েতে সাক্ষী ছিল তার বন্ধুরা। বিয়ের পর তার বা আমার পরিবারের কাউকে এ খবর জানাইনি। কয়েক মাস পর সে বিদেশে চলে যায়। প্রথম দেড় বছর যোগাযোগ থাকলেও পরে একটানা পাঁচ মাস সে কোনো যোগাযোগ না করাতে আমি আদালত থেকে একটা তালাকনামা জোগাড় করে পাঠিয়ে দিই (১৯৯৫ সালে)। এর প্রায় ৩ সপ্তাহ পর পারিবারিকভাবে আমার বাবা-মায়ের পছন্দের ছেলের সঙ্গে আমার বিয়ে হয়। তালাকনামা পেয়ে সেই প্রবাসী ছেলে আমাকে ফোন করে কিন্তু তারপর ১৬ বছরের মধ্যে আর কোনো যোগাযোগ হয়নি। বর্তমানে আমি স্বামী ও তিন সন্তান নিয়ে সুখে আছি। আমার স্বামী এবং বাবা-মাকে আমার অতীত কিছু জানাইনি, জানাতেও চাই না। কিন্তু সব সময় আমার মনে হচ্ছে, কোথায় যেন ভুল হয়েছে বা হচ্ছে। ইসলামি আইন মোতাবেক আমার কি কোথাও ভুল হয়েছে? ভুল হয়ে থাকলে এ মুহূর্তে শোধরানোর উপায় কী? নাম প্রকাশে অনিচ্ছুকঢাকা","আমার বয়স ৪১ বছর এবং আমি তিন সন্তানের মা। ১৯৯৩ সালে পরিবারের কাউকে না জানিয়ে আমার সমবয়সী এক ছেলেকে কাজী অফিসে গিয়ে বিয়ে করে ফেলি। বিয়েতে সাক্ষী ছিল তার বন্ধুরা। বিয়ের পর তার বা আমার পরিবারের কাউকে এ খবর জানাইনি। কয়েক মাস পর সে বিদেশে চলে যায়। প্রথম দেড় বছর যোগাযোগ থাকলেও পরে একটানা পাঁচ মাস সে কোনো যোগাযোগ না করাতে আমি আদালত থেকে একটা তালাকনামা জোগাড় করে পাঠিয়ে দিই (১৯৯৫ সালে)। এর প্রায় ৩ সপ্তাহ পর পারিবারিকভাবে আমার বাবা-মায়ের পছন্দের ছেলের সঙ্গে আমার বিয়ে হয়। তালাকনামা পেয়ে সেই প্রবাসী ছেলে আমাকে ফোন করে কিন্তু তারপর ১৬ বছরের মধ্যে আর কোনো যোগাযোগ হয়নি। বর্তমানে আমি স্বামী ও তিন সন্তান নিয়ে সুখে আছি। আমার স্বামী এবং বাবা-মাকে আমার অতীত কিছু জানাইনি, জানাতেও চাই না। কিন্তু সব সময় আমার মনে হচ্ছে, কোথায় যেন ভুল হয়েছে বা হচ্ছে। ইসলামি আইন মোতাবেক আমার কি কোথাও ভুল হয়েছে? ভুল হয়ে থাকলে এ মুহূর্তে শোধরানোর উপায় কী? নাম প্রকাশে অনিচ্ছুকঢাকা",yes,,exact copy of copyrighted source question,"আমার বয়স এখন ৪১। ১৯৯৩ সালে পরিবারের অজান্তে সমবয়সী একজনকে কাজি অফিসে বিয়ে করেছিলাম। সে বিদেশে গিয়ে প্রথম দেড় বছর যোগাযোগ রাখে, পরে পাঁচ মাস চুপ থাকায় ১৯৯৫ সালে আদালত থেকে তালাকনামা পাঠাই। তিন সপ্তাহ পর পরিবারের পছন্দে আবার বিয়ে করি। প্রথম ব্যক্তি একবার ফোন করলেও ১৬ বছরে আর যোগাযোগ করেনি। বর্তমান স্বামী ও তিন সন্তান কিছু জানে না। ইসলামি আইনে ভুল হয়ে থাকলে এখন কীভাবে ঠিক করব?"
prot_0066_03,Sarwad,105,"আমি ঢাকায় স্নাতক শ্রেণীতে পড়ছি। ২০১০ সালে আমাদের এলাকার একজন লোকের সঙ্গে আমার ঝগড়া হয়। পরে তিনি আমার নামে ৩২৬ ধারায় একটি মিথ্যা মামলা করেন, যার প্রধান আসামি আমাকে করা হয়। মামলা করার কিছুদিন পরেই আমার নামে হুলিয়া জারি হয় এবং ওই মামলায় আমাকে ২১ দিন জেল খাটতে হয়। এখন আমি জামিনে আছি। জামিনের হাজিরা দিতে প্রতি মাসে আমাকে ঢাকা থেকে কুমিল্লায় যেতে হয়, যা আমার কাছে মানসিক দুশ্চিন্তা ও পড়ালেখায় অসুবিধার কারণ। যেহেতু এটি একটি মিথ্যা মামলা, যদি বাদী মামলা না ওঠান, তাহলে অন্য কোনো উপায়ে সহজে এ থেকে খালাস পাওয়া যাবে কি না? আর ভবিষ্যতে সরকারি চাকরি পেতে কোনো অসুবিধা হবে কি না?","আমি ঢাকায় স্নাতক শ্রেণীতে পড়ছি। ২০১০ সালে আমাদের এলাকার একজন লোকের সঙ্গে আমার ঝগড়া হয়। পরে তিনি আমার নামে ৩২৬ ধারায় একটি মিথ্যা মামলা করেন, যার প্রধান আসামি আমাকে করা হয়। মামলা করার কিছুদিন পরেই আমার নামে হুলিয়া জারি হয় এবং ওই মামলায় আমাকে ২১ দিন জেল খাটতে হয়। এখন আমি জামিনে আছি। জামিনের হাজিরা দিতে প্রতি মাসে আমাকে ঢাকা থেকে কুমিল্লায় যেতে হয়, যা আমার কাছে মানসিক দুশ্চিন্তা ও পড়ালেখায় অসুবিধার কারণ। যেহেতু এটি একটি মিথ্যা মামলা, যদি বাদী মামলা না ওঠান, তাহলে অন্য কোনো উপায়ে সহজে এ থেকে খালাস পাওয়া যাবে কি না? আর ভবিষ্যতে সরকারি চাকরি পেতে কোনো অসুবিধা হবে কি না?",yes,,exact copy of copyrighted source question,"স্নাতকে পড়ার সময় ২০১০ সালের ঝগড়ার পর একজন আমার বিরুদ্ধে ৩২৬ ধারায় মিথ্যা মামলা করে, আমাকে প্রধান আসামি বানায়। হুলিয়া জারি হয়ে ২১ দিন জেল খেটেছি; এখন জামিনে থেকে প্রতি মাসে অন্য জেলায় হাজিরা দিতে গিয়ে পড়াশোনা ও মানসিক অবস্থা ক্ষতিগ্রস্ত হচ্ছে। বাদী মামলা না তুললে দ্রুত খালাসের উপায় কী, আর সরকারি চাকরিতে সমস্যা হবে কি?"
prot_0069_03,Sarwad,57,"আমার দাদারা দুই ভাই চার বোন। আমার দাদার প্রাপ্ত সম্পত্তি ৩০ বিঘা। আমার দাদার কোনো ছেলেসন্তান নেই। একটি মাত্র মেয়ে। আমার দাদা চান, তাঁর সব সম্পত্তি ইসলামি শরিয়ত মোতাবেক সুষ্ঠুভাবে বণ্টন করে দিতে। প্রশ্ন হচ্ছে, তাঁর মেয়ে কতটুকু পাবে এবং তার ভাই ও বোনেরা কতটুকু পাবে?দাদার দুই বোন মারা গেছেন। তাঁদের ছেলেমেয়েরা কি দাদার সম্পত্তির ভাগ পাবেন?কবিররাজশাহী","আমার দাদারা দুই ভাই চার বোন। আমার দাদার প্রাপ্ত সম্পত্তি ৩০ বিঘা। আমার দাদার কোনো ছেলেসন্তান নেই। একটি মাত্র মেয়ে। আমার দাদা চান, তাঁর সব সম্পত্তি ইসলামি শরিয়ত মোতাবেক সুষ্ঠুভাবে বণ্টন করে দিতে। প্রশ্ন হচ্ছে, তাঁর মেয়ে কতটুকু পাবে এবং তার ভাই ও বোনেরা কতটুকু পাবে?দাদার দুই বোন মারা গেছেন। তাঁদের ছেলেমেয়েরা কি দাদার সম্পত্তির ভাগ পাবেন?কবিররাজশাহী",yes,,exact copy of copyrighted source question,"দাদারা দুই ভাই ও চার বোন; দাদার সম্পত্তি ৩০ বিঘা। তাঁর ছেলে নেই, এক মেয়ে আছে। শরিয়ত অনুযায়ী জীবদ্দশায় বণ্টন করলে মেয়ে ও জীবিত ভাইবোনেরা কতটা পাবেন? মারা যাওয়া দুই বোনের সন্তানেরা কি কোনো অংশ পাবে?"
prot_0070_04,Sarwad,53,"২০০৬ সালে আমার এক আত্মীয়কে তিন লাখ টাকা দিয়েছিলাম ব্যবসার জন্য। সে বলেছিল আমাকে কিছু লাভ দেবে। কিন্তু সে লাভের টাকা দেওয়া দূরের কথা, আসল টাকাই দিচ্ছে না। কীভাবে আমি আমার টাকা পাব? টাকা দেওয়ার কোনো প্রমাণপত্র আমার কাছে নেই। সে শুধু আমাকে ঘোরাচ্ছে টাকা দেওয়ার কথা বলে। কীভাবে আমার টাকা পেতে পারি?","২০০৬ সালে আমার এক আত্মীয়কে তিন লাখ টাকা দিয়েছিলাম ব্যবসার জন্য। সে বলেছিল আমাকে কিছু লাভ দেবে। কিন্তু সে লাভের টাকা দেওয়া দূরের কথা, আসল টাকাই দিচ্ছে না। কীভাবে আমি আমার টাকা পাব? টাকা দেওয়ার কোনো প্রমাণপত্র আমার কাছে নেই। সে শুধু আমাকে ঘোরাচ্ছে টাকা দেওয়ার কথা বলে। কীভাবে আমার টাকা পেতে পারি?",no,,exact copy of copyrighted source question,"২০০৬ সালে ব্যবসার জন্য এক আত্মীয়কে তিন লাখ টাকা দিয়েছিলাম, লাভ দেওয়ার কথা ছিল। লাভ তো দেয়ইনি, মূল টাকাও ফেরত দিচ্ছে না; কোনো লিখিত প্রমাণ নেই, শুধু ঘোরাচ্ছে। টাকা উদ্ধারের উপায় কী?"
prot_0072_03,Sarwad,92,"২০০৮ সালের জুন মাসে আমাদের বাসার ভাড়াটিয়ার মেয়ে আমার ঘরে বাইরে থেকে তালা লাগিয়ে দেয়। এরপর সে বলতে থাকে, তাকে আমি নির্যাতন করেছি। এ অবস্থায় পুলিশ এসে আমাকে উদ্ধার করে থানায় নিয়ে যায়। এতে আমাকে ৩৪ দিন কারাবাস করতে হয়। পরবর্তী সময়ে পুলিশি তদন্ত রিপোর্টে অভিযোগ মিথ্যা প্রমাণিত হয় এবং ১৭ ধারায় বাদিনীর বিরুদ্ধে ব্যবস্থা নেওয়ার কথা বলা হয়। আমি স্নাতক শেষ করেছি। এখন আমার চাকরি পাওয়ার ক্ষেত্রে কোনো সমস্যা হবে কি? মামলা কত দিন চলতে পারে এবং পরে বাদিনীর বিরুদ্ধে কী ব্যবস্থা নিতে পারব? আদালতে সাক্ষ্য গ্রহণ হয়নি। নাম প্রকাশে অনিচ্ছুকসিলেট","২০০৮ সালের জুন মাসে আমাদের বাসার ভাড়াটিয়ার মেয়ে আমার ঘরে বাইরে থেকে তালা লাগিয়ে দেয়। এরপর সে বলতে থাকে, তাকে আমি নির্যাতন করেছি। এ অবস্থায় পুলিশ এসে আমাকে উদ্ধার করে থানায় নিয়ে যায়। এতে আমাকে ৩৪ দিন কারাবাস করতে হয়। পরবর্তী সময়ে পুলিশি তদন্ত রিপোর্টে অভিযোগ মিথ্যা প্রমাণিত হয় এবং ১৭ ধারায় বাদিনীর বিরুদ্ধে ব্যবস্থা নেওয়ার কথা বলা হয়। আমি স্নাতক শেষ করেছি। এখন আমার চাকরি পাওয়ার ক্ষেত্রে কোনো সমস্যা হবে কি? মামলা কত দিন চলতে পারে এবং পরে বাদিনীর বিরুদ্ধে কী ব্যবস্থা নিতে পারব? আদালতে সাক্ষ্য গ্রহণ হয়নি। নাম প্রকাশে অনিচ্ছুকসিলেট",yes,,exact copy of copyrighted source question,"২০০৮ সালের জুনে বাসার ভাড়াটিয়ার মেয়ে বাইরে থেকে ঘরে তালা দিয়ে আমার বিরুদ্ধে নির্যাতনের মিথ্যা অভিযোগ তোলে। পুলিশ উদ্ধার করলেও আমাকে ৩৪ দিন জেলে থাকতে হয়। পরে তদন্তে অভিযোগ মিথ্যা পাওয়া যায় এবং ১৭ ধারায় বাদিনীর বিরুদ্ধে ব্যবস্থার কথা আসে। এখন চাকরিতে বাধা হবে কি, মামলা কত দিন চলবে, আর সাক্ষ্য শুরুর আগে তার বিরুদ্ধে কী ব্যবস্থা নিতে পারি?"
prot_0073_03,Sarwad,159,"আমার বয়স ২৫ বছর। আমি একটি মেয়েকে ভালোবাসি, যার বয়স ২১ বছর। ১৯ বছর বয়সে ওর পরিবার ওকে ইচ্ছার বিরুদ্ধে প্রবাসী এক লোকের সঙ্গে বিয়ে দেয়। তখন আমি কিছু করতে পারিনি শুধু কাঁদা ছাড়া। কারণ, আমার কোনো চাকরি ছিল না। এখন পরিবারের প্রতি সম্মান রেখে আমরা দুজনেই চাচ্ছি আমাদের জীবনটা নতুন করে গড়ে তুলতে। কিন্তু স্বাভাবিকভাবেই ওর বা আমার পরিবার কিছুতেই এটা মেনে নেবে না। ও তালাক দিলে বাসায় থাকতে পারবে না। আমি সব দিক থেকেই প্রস্তুত। আমার প্রশ্ন, যেহেতু ওকে কাবিননামা দিচ্ছে না বা কোথা থেকে রেজিস্ট্রি করা হয়েছে, তা-ও বলছে না, তাই কাবিননামা না পাওয়া গেলে কী করব? অথবা কাবিননামা ছাড়া কি তালাক সম্ভব? ওই লোকটা বিদেশে থাকা অবস্থায় কি তালাক দেওয়া যাবে? কাবিননামায় যদি ওর তালাক দেওয়ার অধিকার না থাকে, তাহলে আইন অনুসারে কী করতে পারি? যেহেতু তালাক কার্যকর হতে ৯০ দিন সময় লাগে এবং ওই সময়টা আমরা নিরাপত্তাহীন অবস্থায় থাকব, তাই ওই সময়টা আমরা একই ছাদের নিচে থাকলে কি কোনো ধরনের আইনি জটিলতার সৃষ্টি হবে?","আমার বয়স ২৫ বছর। আমি একটি মেয়েকে ভালোবাসি, যার বয়স ২১ বছর। ১৯ বছর বয়সে ওর পরিবার ওকে ইচ্ছার বিরুদ্ধে প্রবাসী এক লোকের সঙ্গে বিয়ে দেয়। তখন আমি কিছু করতে পারিনি শুধু কাঁদা ছাড়া। কারণ, আমার কোনো চাকরি ছিল না। এখন পরিবারের প্রতি সম্মান রেখে আমরা দুজনেই চাচ্ছি আমাদের জীবনটা নতুন করে গড়ে তুলতে। কিন্তু স্বাভাবিকভাবেই ওর বা আমার পরিবার কিছুতেই এটা মেনে নেবে না। ও তালাক দিলে বাসায় থাকতে পারবে না। আমি সব দিক থেকেই প্রস্তুত। আমার প্রশ্ন, যেহেতু ওকে কাবিননামা দিচ্ছে না বা কোথা থেকে রেজিস্ট্রি করা হয়েছে, তা-ও বলছে না, তাই কাবিননামা না পাওয়া গেলে কী করব? অথবা কাবিননামা ছাড়া কি তালাক সম্ভব? ওই লোকটা বিদেশে থাকা অবস্থায় কি তালাক দেওয়া যাবে? কাবিননামায় যদি ওর তালাক দেওয়ার অধিকার না থাকে, তাহলে আইন অনুসারে কী করতে পারি? যেহেতু তালাক কার্যকর হতে ৯০ দিন সময় লাগে এবং ওই সময়টা আমরা নিরাপত্তাহীন অবস্থায় থাকব, তাই ওই সময়টা আমরা একই ছাদের নিচে থাকলে কি কোনো ধরনের আইনি জটিলতার সৃষ্টি হবে?",no,,exact copy of copyrighted source question,"আমার বয়স ২৫, মেয়েটির ২১; তাকে ১৯ বছর বয়সে জোর করে প্রবাসী একজনের সঙ্গে বিয়ে দেওয়া হয়। এখন আমরা নতুন জীবন চাই, কিন্তু পরিবার মানবে না। স্বামী কাবিননামা বা নিবন্ধনের তথ্য দিচ্ছে না—কাগজ ছাড়া এবং স্বামী বিদেশে থাকতেই কি তালাক সম্ভব? কাবিনে স্ত্রীর তালাকের ক্ষমতা না থাকলে কী করতে হবে? কার্যকর হওয়ার ৯০ দিন নিরাপত্তার জন্য একসঙ্গে থাকলে আইনি সমস্যা হবে কি?"
prot_0077_04,Sarwad,171,"আমি ১৫ বছর আগে একটি নামকরা প্রতিষ্ঠানের মার্কেট থেকে একটি দোকান কিনি আমার নামে। দোকানের কাগজপত্র আমার কাছে আছে। আমার এক আত্মীয়কে দোকানটি দেখাশোনা করতে দিয়েছিলাম।তিনি তখন দোকান থেকে আমাকেও টাকা-পয়সা দিতেন। প্রতিষ্ঠানটি প্রতিটি দোকান থেকে মাসের শেষে কিছু টাকা ভাড়া নেয়। ছয় বছর আগে আবার প্রতিষ্ঠানের সঙ্গে দোকানের চুক্তি করার সময় আত্মীয়টা ওই প্রতিষ্ঠানের চেয়ারম্যানের কাছে একটি দরখাস্ত করেন, যেন তাঁর আর আমার নামে দোকানটির চুক্তি করা হয়। চেয়ারম্যানও তাঁর কথামতো দুজনের নামে দোকানটি একটি কাগজে চুক্তি করে দিয়েছেন। সেই কাগজটাও আমার কাছে আছে। এর কিছুদিন পর আমি চেয়ারম্যানের সঙ্গে যোগাযোগ করি। আমি বলেছি এখন নতুন করে আবার শুধু আমার নামে চুক্তি করে দেন। তিনি একজন প্রভাবশালী লোক, আমার কথা শুনছেন না। দুজনের নামে দুটি উকিল নোটিশও পাঠিয়েছি। কিন্তু কোনো জবাব দেননি। এর পর থেকে আমাকে আর কোনো টাকা-পয়সাও দিচ্ছেন না। এখন আমি দোকানটি বন্ধ করতেও পারছি না। লোকটিকে দোকান থেকে ওঠাতেও পারছি না। আমার ছেলেমেয়ে এখনো স্কুল-কলেজে পড়ে। আমি আমার ছেলেমেয়েদের নিয়ে খুবই কষ্টে আছি।ওই আত্মীয় ও চেয়ারম্যানের বিরুদ্ধে কী করতে পারব, দোকানটি কীভাবে উদ্ধার করব? নাম প্রকাশে অনিচ্ছুক","আমি ১৫ বছর আগে একটি নামকরা প্রতিষ্ঠানের মার্কেট থেকে একটি দোকান কিনি আমার নামে। দোকানের কাগজপত্র আমার কাছে আছে। আমার এক আত্মীয়কে দোকানটি দেখাশোনা করতে দিয়েছিলাম।তিনি তখন দোকান থেকে আমাকেও টাকা-পয়সা দিতেন। প্রতিষ্ঠানটি প্রতিটি দোকান থেকে মাসের শেষে কিছু টাকা ভাড়া নেয়। ছয় বছর আগে আবার প্রতিষ্ঠানের সঙ্গে দোকানের চুক্তি করার সময় আত্মীয়টা ওই প্রতিষ্ঠানের চেয়ারম্যানের কাছে একটি দরখাস্ত করেন, যেন তাঁর আর আমার নামে দোকানটির চুক্তি করা হয়। চেয়ারম্যানও তাঁর কথামতো দুজনের নামে দোকানটি একটি কাগজে চুক্তি করে দিয়েছেন। সেই কাগজটাও আমার কাছে আছে। এর কিছুদিন পর আমি চেয়ারম্যানের সঙ্গে যোগাযোগ করি। আমি বলেছি এখন নতুন করে আবার শুধু আমার নামে চুক্তি করে দেন। তিনি একজন প্রভাবশালী লোক, আমার কথা শুনছেন না। দুজনের নামে দুটি উকিল নোটিশও পাঠিয়েছি। কিন্তু কোনো জবাব দেননি। এর পর থেকে আমাকে আর কোনো টাকা-পয়সাও দিচ্ছেন না। এখন আমি দোকানটি বন্ধ করতেও পারছি না। লোকটিকে দোকান থেকে ওঠাতেও পারছি না। আমার ছেলেমেয়ে এখনো স্কুল-কলেজে পড়ে। আমি আমার ছেলেমেয়েদের নিয়ে খুবই কষ্টে আছি।ওই আত্মীয় ও চেয়ারম্যানের বিরুদ্ধে কী করতে পারব, দোকানটি কীভাবে উদ্ধার করব? নাম প্রকাশে অনিচ্ছুক",no,,exact copy of copyrighted source question,"১৫ বছর আগে একটি মার্কেটের দোকান নিজের নামে কিনে আত্মীয়কে দেখাশোনায় দিই। ছয় বছর আগে সে চেয়ারম্যানকে বলে নতুন চুক্তিতে আমাদের দুজনের নাম ঢোকায়; দুই কাগজই আমার কাছে। শুধু আমার নামে ফেরাতে দুইবার আইনি নোটিশ দিলেও চেয়ারম্যান জবাব দেননি, আর আত্মীয় টাকা দেওয়া বন্ধ করেছে। দোকান বন্ধ বা তাকে সরাতেও পারছি না। তাদের বিরুদ্ধে কী করে দোকান উদ্ধার করব?"
prot_0079_01,Sarwad,154,"আমার বাবা পারিবারিক বিবাদের কারণে আমার ও মায়ের খোঁজখবর নিতেন না। তিনি আরও একটি বিয়ে করেছেন। আমি মামার সংসারে বড় হই। মামা মারা গেলে আর্থিক অনটনে পড়ে লেখাপড়া চালিয়ে যেতে না পেরে আমি ১৪ বছর বয়সে একা একাই বাবার কাছে যাই। বাবা ও তাঁর দ্বিতীয় স্ত্রী প্রথম দিকে আমার সঙ্গে ভালো ব্যবহার করলেও পরে তাঁরা আমাকে মানসিক ও শারীরিকভাবে নির্যাতন করেন। আমার লেখাপড়ায় বাধা দেন। ওই সংসারে টিকে থাকতে না পেরে আমি আবার মায়ের কাছে ফিরে আসি। মা অনেক কষ্টে আমার লেখাপড়ার খরচ বহন করছেন। এখন আমি দশম শ্রেণীতে পড়ছি। বাবার কাছ থেকে কোনো আর্থিক সহযোগিতা পাচ্ছি না। বরং তিনি বলেন, আমার মাকে তালাক দেবেন এবং আমাকে নাকি ত্যাজ্য করে দেবেন। তা ছাড়া তিনি সব সম্পত্তি তাঁর বর্তমান স্ত্রী ও ছেলের নামে লিখে দেবেন বলে হুমকি দেন। এখন আমি জানতে চাই, তিনি ইচ্ছে করলেই কি আমাকে ত্যাজ্য করতে পারবেন? বাবা যদি কোনো সম্পত্তি আমাকে না লিখে দেন, তাহলে আমি কোনো আইনি ব্যবস্থা নিতে পারব?","আমার বাবা পারিবারিক বিবাদের কারণে আমার ও মায়ের খোঁজখবর নিতেন না। তিনি আরও একটি বিয়ে করেছেন। আমি মামার সংসারে বড় হই। মামা মারা গেলে আর্থিক অনটনে পড়ে লেখাপড়া চালিয়ে যেতে না পেরে আমি ১৪ বছর বয়সে একা একাই বাবার কাছে যাই। বাবা ও তাঁর দ্বিতীয় স্ত্রী প্রথম দিকে আমার সঙ্গে ভালো ব্যবহার করলেও পরে তাঁরা আমাকে মানসিক ও শারীরিকভাবে নির্যাতন করেন। আমার লেখাপড়ায় বাধা দেন। ওই সংসারে টিকে থাকতে না পেরে আমি আবার মায়ের কাছে ফিরে আসি। মা অনেক কষ্টে আমার লেখাপড়ার খরচ বহন করছেন। এখন আমি দশম শ্রেণীতে পড়ছি। বাবার কাছ থেকে কোনো আর্থিক সহযোগিতা পাচ্ছি না। বরং তিনি বলেন, আমার মাকে তালাক দেবেন এবং আমাকে নাকি ত্যাজ্য করে দেবেন। তা ছাড়া তিনি সব সম্পত্তি তাঁর বর্তমান স্ত্রী ও ছেলের নামে লিখে দেবেন বলে হুমকি দেন। এখন আমি জানতে চাই, তিনি ইচ্ছে করলেই কি আমাকে ত্যাজ্য করতে পারবেন? বাবা যদি কোনো সম্পত্তি আমাকে না লিখে দেন, তাহলে আমি কোনো আইনি ব্যবস্থা নিতে পারব?",no,,exact copy of copyrighted source question,"পারিবারিক বিবাদের পর বাবা আমাকে ও মাকে ছেড়ে আরেকটি বিয়ে করেন। মামার কাছে বড় হলেও ১৪ বছরে বাবার কাছে গিয়ে তাঁর ও সৎমায়ের মানসিক-শারীরিক নির্যাতনে আবার মায়ের কাছে ফিরি। এখন দশম শ্রেণিতে পড়ি; বাবা কোনো খরচ দেন না, বরং মাকে তালাক, আমাকে ত্যাজ্য এবং সব সম্পত্তি বর্তমান স্ত্রী-ছেলেকে দেওয়ার হুমকি দেন। তিনি কি আমাকে উত্তরাধিকার থেকে বাদ দিতে পারেন, আর আমি কী ব্যবস্থা নিতে পারি?"
prot_0080_03,Sarwad,64,"আমার বাবা-চাচারা চার ভাই, তিন বোন। আমি যখন সাত বছরের ছিলাম, তখন আমার বাবা মারা যান। দাদা এখনো জীবিত। লোকমুখে শুনেছি, বাবার আগে ছেলে মারা গেলে সেই মৃত ছেলের ওয়ারিশরা নাকি সম্পত্তি পায় না। আসলে কি তাই? দাদা বলেন, সব সম্পত্তি তাঁর ছেলেদের মধ্যে সমান ভাগ হবে। দাদা যদি সম্পত্তি আমার নামে লিখে না দেন, তাহলে কি দাদার মুখের কথা দ্বারা আমি সম্পত্তি পাব?","আমার বাবা-চাচারা চার ভাই, তিন বোন। আমি যখন সাত বছরের ছিলাম, তখন আমার বাবা মারা যান। দাদা এখনো জীবিত। লোকমুখে শুনেছি, বাবার আগে ছেলে মারা গেলে সেই মৃত ছেলের ওয়ারিশরা নাকি সম্পত্তি পায় না। আসলে কি তাই? দাদা বলেন, সব সম্পত্তি তাঁর ছেলেদের মধ্যে সমান ভাগ হবে। দাদা যদি সম্পত্তি আমার নামে লিখে না দেন, তাহলে কি দাদার মুখের কথা দ্বারা আমি সম্পত্তি পাব?",no,,exact copy of copyrighted source question,"বাবা-চাচারা চার ভাই ও তিন বোন। আমি সাত বছরের সময় বাবা মারা যান, দাদা এখনো জীবিত। শুনছি দাদার আগে ছেলে মারা গেলে তার সন্তানরা সম্পত্তি পায় না, আর দাদা বলেন শুধু জীবিত ছেলেদের সমান ভাগ দেবেন। তিনি আমার নামে দলিল না করলে আমি কি কোনো অংশ পাব?"
prot_0084_06,Sarwad,89,আমার দাদার বাবারা তিন ভাই। দাদা তাঁর ছোট চাচার একমাত্র মেয়েকে বিয়ে করেছেন। আমার দাদির কোনো ভাইবোন নেই। দাদি তাঁর বাবার কাছ থেকে প্রাপ্ত অংশটুকু বিক্রি করে দিয়েছেন। সব সম্পত্তি হিন্দু জমিদারের কাছে বন্ধক ছিল। আমার দাদা ও দাদির বাবা সব সম্পত্তি বন্ধকমুক্ত করার বিনিময়ে দাদির বাবা জমির এক-তৃতীয়াংশের মালিক হয়েছেন। ওই জমি দাদির বাবা আমার দাদির নামে দানপত্র দলিল করে দিয়েছেন। বর্তমানে আরএস ও বিএস জরিপেও আমরা মালিক। এখন আমার দাদার বড় দুই চাচার ওয়ারিশেরা এর বিরোধিতা করছে। এখন আইনগতভাবে আমরা কী করতে পারি? আমরা এর মালিক কিনা?,আমার দাদার বাবারা তিন ভাই। দাদা তাঁর ছোট চাচার একমাত্র মেয়েকে বিয়ে করেছেন। আমার দাদির কোনো ভাইবোন নেই। দাদি তাঁর বাবার কাছ থেকে প্রাপ্ত অংশটুকু বিক্রি করে দিয়েছেন। সব সম্পত্তি হিন্দু জমিদারের কাছে বন্ধক ছিল। আমার দাদা ও দাদির বাবা সব সম্পত্তি বন্ধকমুক্ত করার বিনিময়ে দাদির বাবা জমির এক-তৃতীয়াংশের মালিক হয়েছেন। ওই জমি দাদির বাবা আমার দাদির নামে দানপত্র দলিল করে দিয়েছেন। বর্তমানে আরএস ও বিএস জরিপেও আমরা মালিক। এখন আমার দাদার বড় দুই চাচার ওয়ারিশেরা এর বিরোধিতা করছে। এখন আইনগতভাবে আমরা কী করতে পারি? আমরা এর মালিক কিনা?,no,,exact copy of copyrighted source question,"দাদার বাবা ও চাচারা তিন ভাই ছিলেন। দাদা তাঁর নিঃসহোদর ছোট চাচাতো বোনকে বিয়ে করেন। বন্ধক ছাড়ানোর বিনিময়ে দাদির বাবা জমির এক-তৃতীয়াংশ পান এবং দাদির নামে দানপত্র করেন; দাদি নিজের আগের অংশ বিক্রি করেছিলেন। আরএস ও বিএস রেকর্ডে এখন আমরা মালিক, কিন্তু বড় দুই চাচার ওয়ারিশেরা আপত্তি করছে। মালিকানা রক্ষায় কী করতে পারি?"
prot_0087_04,Sarwad,128,"আমার বয়স ২৫ বছর। তিন বছর ধরে আমি বড় ভাইয়ের স্ত্রীকে ভালোবাসি। ভাইয়ের ঘরে তার এক বছর তিন মাস বয়সের একটি ছেলেসন্তান আছে। স্বামীর সঙ্গে তার আন্তরিকতা না থাকায় সম্প্রতি উভয়পক্ষের সম্মতিতে কাজির মাধ্যমে তালাক সম্পন্ন করে। দেনমোহর, খোরপোশ ও সন্তানের খরচ বাবদ যাবতীয় পাওনা স্বামীর কাছ থেকে আদায়ও করে নেয়। এখন আমরা বিয়ে করতে চাই। তার ছেলেকে আমি খুব স্নেহ করি। ছেলেটিকে কাছে রেখে আমার আদর্শে বড় করতে চাই। আর্থিকভাবে আমি সামর্থ্যবান নই। এ জন্য আমার ইচ্ছা থাকলেও বেশি পরিমাণ টাকা দেনমোহর ধার্য করতে পারি না। উভয়ের বাবা-মা আমাদের এই সম্পর্ক ও ইচ্ছাকে সমর্থন করছেন না।এ অবস্থায় তাকে বিয়ে করার আইনগত কোনো বাধা আছে কি না। ছেলেকে আমার কাছে রেখে বড় করতে চাইলে আইনগত কোনো বাধা আছে কি না। আইনমতে, ন্যূনতম কত টাকা দেনমোহর ধার্য করা যায়?","আমার বয়স ২৫ বছর। তিন বছর ধরে আমি বড় ভাইয়ের স্ত্রীকে ভালোবাসি। ভাইয়ের ঘরে তার এক বছর তিন মাস বয়সের একটি ছেলেসন্তান আছে। স্বামীর সঙ্গে তার আন্তরিকতা না থাকায় সম্প্রতি উভয়পক্ষের সম্মতিতে কাজির মাধ্যমে তালাক সম্পন্ন করে। দেনমোহর, খোরপোশ ও সন্তানের খরচ বাবদ যাবতীয় পাওনা স্বামীর কাছ থেকে আদায়ও করে নেয়। এখন আমরা বিয়ে করতে চাই। তার ছেলেকে আমি খুব স্নেহ করি। ছেলেটিকে কাছে রেখে আমার আদর্শে বড় করতে চাই। আর্থিকভাবে আমি সামর্থ্যবান নই। এ জন্য আমার ইচ্ছা থাকলেও বেশি পরিমাণ টাকা দেনমোহর ধার্য করতে পারি না। উভয়ের বাবা-মা আমাদের এই সম্পর্ক ও ইচ্ছাকে সমর্থন করছেন না।এ অবস্থায় তাকে বিয়ে করার আইনগত কোনো বাধা আছে কি না। ছেলেকে আমার কাছে রেখে বড় করতে চাইলে আইনগত কোনো বাধা আছে কি না। আইনমতে, ন্যূনতম কত টাকা দেনমোহর ধার্য করা যায়?",no,,exact copy of copyrighted source question,"আমার বয়স ২৫; তিন বছর ধরে বড় ভাইয়ের স্ত্রীকে ভালোবাসি। তাঁর এক বছর তিন মাসের ছেলে আছে এবং সম্প্রতি পারস্পরিক সম্মতিতে কাজির মাধ্যমে তালাক হয়ে দেনমোহর, খোরপোশ ও সন্তানের খরচ মিটেছে। আমরা বিয়ে করতে চাই, শিশুটিকেও কাছে রাখতে চাই, কিন্তু পরিবার রাজি নয় এবং আমার সামর্থ্য কম। এই বিয়ে ও শিশুকে লালন করতে আইনি বাধা আছে কি, আর ন্যূনতম দেনমোহর কত?"
prot_0094_01,Sarwad,79,"সম্প্রতি ফেসবুকে প্রত্যেক বিকাশ অ্যাকাউন্টধারীর করোনাকালীন প্রণোদনা দেওয়ার ঘোষণা দেখতে পাই। আমিও প্রণোদনা পাওয়ার জন্য ওয়েবসাইটে অ্যাকাউন্টের সব তথ্য দিই। কিন্তু এটি ছিল আসলে প্রতারণা। ওই ভুয়া ওয়েবসাইটের মাধ্যমে আমার অ্যাকাউন্টের সব টাকা হাতিয়ে নেওয়া হয়। টাকাগুলো ফিরে পাওয়া আমার জন্য খুবই দরকার। কারণ, আমার মেয়েদের সারা জীবনের বৃত্তি, পুরস্কার ও উপহারের টাকা ওই অ্যাকাউন্টে ছিল। অনলাইনে প্রতারণার ব্যাপারে আইন কী বলে? আইনের সাহায্যে কি আমি টাকাগুলো ফিরে পাব? ওই প্রতারকের বিকাশ নম্বর আমার কাছে আছে। নাম প্রকাশে অনিচ্ছুক","সম্প্রতি ফেসবুকে প্রত্যেক বিকাশ অ্যাকাউন্টধারীর করোনাকালীন প্রণোদনা দেওয়ার ঘোষণা দেখতে পাই। আমিও প্রণোদনা পাওয়ার জন্য ওয়েবসাইটে অ্যাকাউন্টের সব তথ্য দিই। কিন্তু এটি ছিল আসলে প্রতারণা। ওই ভুয়া ওয়েবসাইটের মাধ্যমে আমার অ্যাকাউন্টের সব টাকা হাতিয়ে নেওয়া হয়। টাকাগুলো ফিরে পাওয়া আমার জন্য খুবই দরকার। কারণ, আমার মেয়েদের সারা জীবনের বৃত্তি, পুরস্কার ও উপহারের টাকা ওই অ্যাকাউন্টে ছিল। অনলাইনে প্রতারণার ব্যাপারে আইন কী বলে? আইনের সাহায্যে কি আমি টাকাগুলো ফিরে পাব? ওই প্রতারকের বিকাশ নম্বর আমার কাছে আছে। নাম প্রকাশে অনিচ্ছুক",yes,,exact copy of copyrighted source question,"ফেসবুকে বিকাশ গ্রাহকদের করোনাকালীন প্রণোদনার ভুয়া ঘোষণা দেখে একটি ওয়েবসাইটে অ্যাকাউন্টের সব তথ্য দিয়েছিলাম। প্রতারকেরা পুরো টাকা নিয়ে গেছে; সেখানে মেয়েদের বৃত্তি, পুরস্কার ও উপহারের সঞ্চয় ছিল। প্রতারকের বিকাশ নম্বর আমার কাছে আছে। অনলাইন প্রতারণার আইনে কি টাকা ফেরত পেতে পারি?"
prot_0100_03,Sarwad,37,"২. অর্পিত সম্পত্তির তালিকা-সম্পর্কিত গেজেট প্রকাশের পরবর্তী ৩০০ দিনের মধ্যে জমির মালিককে বা তাদের দাবির সমর্থনে আবেদন করতে পারবেন, কিন্তু জমির মালিক বা উত্তরাধিকার যদি ৩০০ দিন পরে আবেদন করেন তাহলে ট্রাইব্যুনালে আবেদন করতে পারবেন কি না?","২. অর্পিত সম্পত্তির তালিকা-সম্পর্কিত গেজেট প্রকাশের পরবর্তী ৩০০ দিনের মধ্যে জমির মালিককে বা তাদের দাবির সমর্থনে আবেদন করতে পারবেন, কিন্তু জমির মালিক বা উত্তরাধিকার যদি ৩০০ দিন পরে আবেদন করেন তাহলে ট্রাইব্যুনালে আবেদন করতে পারবেন কি না?",no,,exact copy of copyrighted source question,অর্পিত সম্পত্তির তালিকার গেজেট হওয়ার পর দাবির পক্ষে আবেদন করতে মালিক বা উত্তরাধিকারীদের ৩০০ দিন সময় থাকে। এই সময় পেরিয়ে গেলে কি ট্রাইব্যুনালে আবেদন করা যাবে?
prot_0103_04,Sarwad,10,"আমি যদি আরেকটি বিয়ে করতে চাই, সেটাও কি করতে পারব?","আমি যদি আরেকটি বিয়ে করতে চাই, সেটাও কি করতে পারব?",no,,exact copy of copyrighted source question,বর্তমান পরিস্থিতিতে আমি চাইলে কি আইন মেনে আরেকটি বিয়ে করতে পারব?
prot_0107_04,Sarwad,24,"আমার কিছু প্রশ্ন: ১. কোনো মামলায় যাকে ১ নম্বর আসামি করা হয় এবং সে যদি পলাতক হয়, তার ঘাড়ে দোষের চাপ বেড়ে যায় কি?","আমার কিছু প্রশ্ন: ১. কোনো মামলায় যাকে ১ নম্বর আসামি করা হয় এবং সে যদি পলাতক হয়, তার ঘাড়ে দোষের চাপ বেড়ে যায় কি?",no,,exact copy of copyrighted source question,কোনো মামলার এক নম্বর আসামি পলাতক থাকলে কি শুধু পালিয়ে থাকার কারণে তার ওপর অপরাধের দায় বা দোষ বেশি পড়ে?
prot_0110_01,Sarwad,62,"প্রতিটি মামলা শুনানি শেষে মিথ্যা প্রমাণিত হওয়ায় বাবা তা থেকে অব্যাহতি পান। ২০০৮ সালে মামলার রায় এবং সরকারিভাবে গঠিত তদন্ত কমিটির তদন্তে নির্দোষ প্রমাণিত হওয়ায় চার্জ ফিরে পান। এই সাড়ে চার বছর পরিচালনা পর্ষদ বেআইনিভাবে তাঁর নামে বরাদ্দকৃত খোরপোশ ভাতার অর্থ উত্তোলন করতে দেয়নি। উল্লেখ্য, বাবার এমপিও বন্ধ হয়নি। আমার প্রশ্ন, এই ৪৮ মাসের বকেয়া বেতন-ভাতাদি পেতে হলে কী করা যেতে পারে?","প্রতিটি মামলা শুনানি শেষে মিথ্যা প্রমাণিত হওয়ায় বাবা তা থেকে অব্যাহতি পান। ২০০৮ সালে মামলার রায় এবং সরকারিভাবে গঠিত তদন্ত কমিটির তদন্তে নির্দোষ প্রমাণিত হওয়ায় চার্জ ফিরে পান। এই সাড়ে চার বছর পরিচালনা পর্ষদ বেআইনিভাবে তাঁর নামে বরাদ্দকৃত খোরপোশ ভাতার অর্থ উত্তোলন করতে দেয়নি। উল্লেখ্য, বাবার এমপিও বন্ধ হয়নি। আমার প্রশ্ন, এই ৪৮ মাসের বকেয়া বেতন-ভাতাদি পেতে হলে কী করা যেতে পারে?",yes,,exact copy of copyrighted source question,বাবার বিরুদ্ধে প্রতিটি মামলা মিথ্যা প্রমাণিত হয়ে তিনি অব্যাহতি পান। ২০০৮ সালের রায় ও সরকারি তদন্তে নির্দোষ প্রমাণিত হয়ে চাকরির চার্জও ফিরে পেয়েছেন; এমপিও বন্ধ হয়নি। তবু পরিচালনা পর্ষদ সাড়ে চার বছর বা ৪৮ মাসের খোরপোশ ও বেতন-ভাতা তুলতে দেয়নি। এই বকেয়া কীভাবে পাওয়া যাবে?
prot_0112_01,Sarwad,51,"এরপর দেখলাম, দালাল গ্রেপ্তারের খবর। পরে জয়পুরহাটের পুলিশ এসে ঢাকার বিভিন্ন হাসপাতালের ডাক্তার ও কর্মকর্তাদের জিজ্ঞাসাবাদ করছে। শেষের দিকে হাইকোর্টের নির্দেশ, ডাক্তারদের লাইসেন্স বাতিল, যারা বেচাকেনায় জড়িত। সম্পাদকীয় ও উপসম্পাদকীয় বিভিন্ন কলামে বিস্তারিত লেখা হয়েছে।গত ১৮ সেপ্টেম্বর আইন অধিকার পাতায় পাঠকের প্রশ্ন বিভাগে একজন পাঠকের প্রশ্ন, ‘অবৈধভাবে কিডনি বিক্রির শাস্তি কী?","এরপর দেখলাম, দালাল গ্রেপ্তারের খবর। পরে জয়পুরহাটের পুলিশ এসে ঢাকার বিভিন্ন হাসপাতালের ডাক্তার ও কর্মকর্তাদের জিজ্ঞাসাবাদ করছে। শেষের দিকে হাইকোর্টের নির্দেশ, ডাক্তারদের লাইসেন্স বাতিল, যারা বেচাকেনায় জড়িত। সম্পাদকীয় ও উপসম্পাদকীয় বিভিন্ন কলামে বিস্তারিত লেখা হয়েছে।গত ১৮ সেপ্টেম্বর আইন অধিকার পাতায় পাঠকের প্রশ্ন বিভাগে একজন পাঠকের প্রশ্ন, ‘অবৈধভাবে কিডনি বিক্রির শাস্তি কী?",no,,exact copy of copyrighted source question,"দালাল গ্রেপ্তার, হাসপাতালের চিকিৎসক-কর্মকর্তাদের জিজ্ঞাসাবাদ, হাইকোর্টের নির্দেশ ও জড়িত চিকিৎসকদের লাইসেন্স বাতিলের খবর দেখেছি। অবৈধভাবে কিডনি বিক্রি করলে আইনে কী শাস্তি হয়?"
prot_0113_03,Sarwad,8,আদৌ কি কোনো বিচার চাওয়ার পথ খোলা আছে?,আদৌ কি কোনো বিচার চাওয়ার পথ খোলা আছে?,no,,exact copy of copyrighted source question,এই ঘটনার জন্য বিচার বা আইনি প্রতিকার চাওয়ার কোনো পথ কি এখনো খোলা আছে?
prot_0114_07,Sarwad,20,বা সংশ্লিষ্ট আদালতকে দ্রুত সাক্ষ্য সমাপ্ত করে সুনির্দিষ্ট তারিখের মধ্যে মামলা নিষ্পত্তি করতে আমি কি উচ্চ আদালতে শরণাপন্ন হতে পারি?,বা সংশ্লিষ্ট আদালতকে দ্রুত সাক্ষ্য সমাপ্ত করে সুনির্দিষ্ট তারিখের মধ্যে মামলা নিষ্পত্তি করতে আমি কি উচ্চ আদালতে শরণাপন্ন হতে পারি?,no,,exact copy of copyrighted source question,সংশ্লিষ্ট আদালতকে দ্রুত সাক্ষ্য শেষ করে নির্দিষ্ট সময়ের মধ্যে মামলা নিষ্পত্তির নির্দেশ চাইতে আমি কি উচ্চ আদালতে যেতে পারি?
prot_0122_01,Sarwad,56,"নিষেধ করা সত্ত্বেও আসে, কিন্তু কোনো দায়িত্ব পালন করে না। বরং বিভিন্নভাবে বিরক্ত করে। বর্তমানে ঋণ ও অন্যান্য কারণে সমস্ত দায়িত্ব পালনে অক্ষম হওয়ায় তাকে বলেছি মেয়ের ভরণপোষণের জন্য কিছু টাকা দিতে, কিন্তু সে বলে যে তার কোনো টাকা নেই। তাই সে দিতে পারবে না। আমি ও আমার মেয়ে কীভাবে তার কাছ থেকে ভরণপোষণ পেতে পারি?","নিষেধ করা সত্ত্বেও আসে, কিন্তু কোনো দায়িত্ব পালন করে না। বরং বিভিন্নভাবে বিরক্ত করে। বর্তমানে ঋণ ও অন্যান্য কারণে সমস্ত দায়িত্ব পালনে অক্ষম হওয়ায় তাকে বলেছি মেয়ের ভরণপোষণের জন্য কিছু টাকা দিতে, কিন্তু সে বলে যে তার কোনো টাকা নেই। তাই সে দিতে পারবে না। আমি ও আমার মেয়ে কীভাবে তার কাছ থেকে ভরণপোষণ পেতে পারি?",no,,exact copy of copyrighted source question,"নিষেধ করলেও সে আসে, দায়িত্ব নেয় না, বরং বিরক্ত করে। ঋণসহ নানা কারণে আমি সব খরচ চালাতে পারছি না। মেয়ের ভরণপোষণের টাকা চাইলে সে বলে তার সামর্থ্য নেই। আমি ও আমার মেয়ে কীভাবে তার কাছ থেকে ভরণপোষণ আদায় করব?"
prot_0130_02,Sarwad,149,"আমার বয়স ২৮ বছর আর মেয়েটির বয়স ১৪। আমরা দুজন দুজনকে ভালোবাসি। হঠাৎ দুর্ঘটনা ঘটে। আমি মেয়েপক্ষের সবার সঙ্গে দেখা করতে গেলে মেয়ের মা, বোন ও দূর সম্পর্কের এক মামা আমাকে জোর করে কাবিননামায় সই করান এবং বিয়ের কাজও সম্পন্ন হয়। আমি তাঁদের কাছে সময় চাইলে জোর করে বিয়ে দেন। আমার বিয়ের রেজিস্ট্রি এখনো হয়নি। আমি মেয়ের বাসায় আসা-যাওয়া করছি। বিয়ের কাবিন তিন লাখ টাকা এবং উসুল ১০ হাজার টাকা। আমার বিয়ের রেজিস্ট্রি করাতে হলে নাকি ভোটার আইডি কার্ড লাগবে। আমি কিছুই দিইনি। মেয়েপক্ষ আমার নতুন জন্মনিবন্ধন ২৬ বছর দেখিয়ে বিয়ে দেয়। কিন্তু ভোটার আইডি কার্ড অনুযায়ী আমার বয়স আরও বেশি। আমি এখন তাঁদের সবকিছু জেনে মেয়েকে নিতে রাজি নই। এই অবস্থায় কোনো আইনগত ব্যবস্থা নিতে পারব কি না, পরামর্শ দিলে উপকৃত হব। আর আমি কয়েক দিনের মধ্যে সামরিক বাহিনী থেকে বিদেশে যাচ্ছি। ওদের কাছে আমার একটি ডায়েরি ও ছবি আছে। সমস্যা হবে কি? এ ব্যাপারে আমার কী করণীয়?","আমার বয়স ২৮ বছর আর মেয়েটির বয়স ১৪। আমরা দুজন দুজনকে ভালোবাসি। হঠাৎ দুর্ঘটনা ঘটে। আমি মেয়েপক্ষের সবার সঙ্গে দেখা করতে গেলে মেয়ের মা, বোন ও দূর সম্পর্কের এক মামা আমাকে জোর করে কাবিননামায় সই করান এবং বিয়ের কাজও সম্পন্ন হয়। আমি তাঁদের কাছে সময় চাইলে জোর করে বিয়ে দেন। আমার বিয়ের রেজিস্ট্রি এখনো হয়নি। আমি মেয়ের বাসায় আসা-যাওয়া করছি। বিয়ের কাবিন তিন লাখ টাকা এবং উসুল ১০ হাজার টাকা। আমার বিয়ের রেজিস্ট্রি করাতে হলে নাকি ভোটার আইডি কার্ড লাগবে। আমি কিছুই দিইনি। মেয়েপক্ষ আমার নতুন জন্মনিবন্ধন ২৬ বছর দেখিয়ে বিয়ে দেয়। কিন্তু ভোটার আইডি কার্ড অনুযায়ী আমার বয়স আরও বেশি। আমি এখন তাঁদের সবকিছু জেনে মেয়েকে নিতে রাজি নই। এই অবস্থায় কোনো আইনগত ব্যবস্থা নিতে পারব কি না, পরামর্শ দিলে উপকৃত হব। আর আমি কয়েক দিনের মধ্যে সামরিক বাহিনী থেকে বিদেশে যাচ্ছি। ওদের কাছে আমার একটি ডায়েরি ও ছবি আছে। সমস্যা হবে কি? এ ব্যাপারে আমার কী করণীয়?",yes,,exact copy of copyrighted source question,"আমার বয়স ২৮, মেয়েটির ১৪। দেখা করতে গেলে তার মা, বোন ও এক আত্মীয় জোর করে কাবিনে সই করিয়ে বিয়ে দেন; রেজিস্ট্রি হয়নি। কাবিন তিন লাখ, উসুল ১০ হাজার। আমার কাগজ না নিয়ে নতুন জন্মনিবন্ধনে বয়স ২৬ দেখানো হয়েছে, যদিও ভোটার আইডিতে বেশি। সব জেনে এখন মেয়েকে নিতে চাই না। শিগগির কাজের জন্য বিদেশে যাব; তাদের কাছে আমার ডায়েরি ও ছবি আছে। কী আইনি ব্যবস্থা নেব?"
