qid,annotator,block,question_bn,candidates,answer,answer_source,verdict,confidence,merged_from
prot_0112_04,Iftiaq,,"আপনার মতো যাঁরা এ রকম চিন্তা করছেন তাঁদের কাছে একটা অনুরোধ, নিজের ওপর আত্মঘাতী হওয়ার আগে নিজের জীবনের মূল্য উপলব্ধি করুন। আপনার জীবনের সঙ্গে জড়িত আছে আপনার বাবা-মা কিংবা সন্তানের জীবনও। সামান্য ঋণ থেকে মুক্তি পেতে এভাবে কিডনি বিক্রির চিন্তা থেকে সরে আসুন। আপনি কি ভেবে দেখেছেন আপনার একটি কিডনি নিয়ে পাচারকারী দল দেশের কত বড় সর্বনাশ করছে?","1. <other_1263_s2> [‘আল-হাইআতুল উলয়া লিল-জামি’আতিল কওমিয়া বাংলাদ, ধারা ২] সংজ্ঞা — বিষয় বা প্রসঙ্গের পরিপন্থি কোনো কিছু না থাকিলে, এই আইনে,-(১) “কওমি মাদরাসা” অর্থ আহলুস সুন্নাহ ওয়াল জামা’আত 
2. <constitutional_957_s39> [গণপ্রজাতন্ত্রী বাংলাদেশের সংবিধান, অনুচ্ছেদ ৩৯] চিন্তা ও বিবেকের স্বাধীনতা এবং বাক্-স্বাধীনতা — (১) চিন্তা ও বিবেকের স্বাধীনতার নিশ্চয়তাদান করা হইল।(২) রাষ্ট্রের নিরাপত্তা, বিদেশী রাষ্ট্রসমূহের সহিত বন্ধুত
3. <other_1037_s44_p1> [বীমা আইন, ২০১০, ধারা ৪৪] ঋণ, অগ্রিম ও আর্থিক সুবিধা প্রদানে বিধিনিষেধ৷ — ৩ (তিন) মাস অতিবাহিত হওয়ার পর ঋণ বা অগ্রিম প্রদানকারী বীমাকারীর চাকুরীতে থাকিবেন না।(৬) উপ-ধারা (১) বা (২) এর
4. <other_1133_s6> [নির্যাতন এবং হেফাজতে মৃত্যু (নিবারণ) আইন, ২০, ধারা ৬] তৃতীয় পক্ষ দ্বারা অভিযোগ — (১) কোনো ব্যক্তিকে অন্য কোন ব্যক্তি নির্যাতন করিয়াছে বা করিতেছে এইরূপ কোন তথ্য তৃতীয় কোন ব্যক্তি আদালতকে অবহ
5. <other_788_s342> [কোম্পানী আইন, ১৯৯৪, ধারা ৩৪২] লিকুইডেটর কর্তৃক ব্যাংকে টাকা জমাদান — (১) আদালত কর্তৃক অবলুপ্ত হইতেছে এইরূপ কোম্পানীর প্রত্যেক লিকুইডেটর তত্কর্তৃক গৃহীত সকল টাকা নির্ধারিত পদ্ধতিতে
6. <women_children_1119_s29> [শিশু আইন, ২০১৩, ধারা ২৯] শিশু-আদালত কর্তৃক আইনের সহিত সংঘাতে জড়িত শিশুর জামিনে মুক্তি প্রদান — (১) এই আইনসহ ফৌজদারী কার্যবিধি বা আপাততঃ বলবৎ অন্য কোন আইনে ভিন্নরূপ যাহা কিছুই থাকুক না কেন, শিশু-আদালতে হাজি
7. <other_1133_s10> [নির্যাতন এবং হেফাজতে মৃত্যু (নিবারণ) আইন, ২০, ধারা ১০] অপরাধ বিচারার্থ গ্রহণ, ইত্যাদি — (১) এই আইনের অধীন দণ্ডনীয় সকল অপরাধ বিচারার্থ গ্রহণীয় (Cognizable), অ-আপোষযোগ্য (non-compoundable) ও জামিন অ
8. <other_1078_s20> [ভবঘুরে ও নিরাশ্রয় ব্যক্তি (পুনর্বাসন) আইন, ২, ধারা ২০] ভবঘুরে বা নিরাশ্রয় ব্যক্তিকে মুক্তি প্রদান — (১) ব্যবস্থাপক আশ্রয় কেন্দ্রে অবস্থানরত ভবঘুরে বা নিরাশ্রয় ব্যক্তিকে নির্ধারিত পদ্ধতিতে নিম্নবর্ণিত বিষয়ে ত
9. <women_children_835_s19> [নারী ও শিশু নির্যাতন দমন আইন, ২০০০, ধারা ১৯] 51[(১) এই আইনের অধীন সকল অপরাধ বিচারার্থ গ্রহণীয় হইবে52[***]।](২) উপ-ধারা (৩) এর বিধান সাপেক্ষে, এই আইনের অধী
10. <other_1126_s2_p3> [প্রতিবন্ধী ব্যক্তির অধিকার ও সুরক্ষা আইন, ২০, ধারা ২] সংজ্ঞা — ব্যক্তিকে সর্বত্রই ব্যক্তি হিসাবে সমান আইনী স্বীকৃতি এবং জীবনের সকল ক্ষেত্রে সমান আইনী কর্তৃত্ব (legal capacit",unanswerable,none,unanswerable,2,Sifat
prot_0084_04,Iftiaq,,"আড়াই বছর আগে পারিবারিকভাবে আমার বিয়ে হয়। বিয়ের পর থেকেই আমার স্বামী আমাকে শারীরিক ও মানসিকভাবে নির্যাতন করত। নির্যাতন সইতে না পেরে ছয় মাসের অন্তঃসত্ত্বা অবস্থায় আমি আমার মায়ের কাছে চলে আসি এবং থানায় একটি জিডি করি। এর তিন মাস পর আমার একটি কন্যাসন্তান জন্ম নেয়। আমার স্বামী আমার এবং আমার বাচ্চার কোনো খোঁজখবর নিত না এবং কোনো খরচ দিত না। আমার মেয়ের যখন পাঁচ মাস বয়স, তখন পারিবারিক আদালতে একটি দেনমোহর আদায় ও ভরণপোষণের মামলা করি। এর কিছু দিন পর স্বামীর দেওয়া একটি তালাকের নোটিশ পাই। মামলার শুনানির সময় আমার মেয়ের বিয়ের আগ পর্যন্ত খরচ দাবি করে একটি আবেদন আরজির সঙ্গে সংযুক্ত করি। কিন্তু আমার স্বামী এই আবেদনের ওপর আপত্তি জানিয়ে বলে যে বাচ্চার ডিএনএ পরীক্ষা করা হোক। ডিএনএ পরীক্ষার ব্যাপারে আমার কোনো আপত্তি নেই। কারণ, আমার বাচ্চার জন্মের ব্যাপারে আমার কোনোই সন্দেহ নেই। আমি শুনেছি, ডিএনএ পরীক্ষা করতে অনেক টাকা লাগে। কিন্তু এখন আমার প্রশ্ন হলো, ডিএনএ পরীক্ষার খরচ কি আমাকেই বহন করতে হবে? আমি আমার সন্তান নিয়ে অনেক কষ্টে দিন যাপন করছি। আমি কী করে এই খরচ বহন করব? দ্বিতীয় প্রশ্ন হলো, আমার স্বামী কর্তৃক দেওয়া তালাকের নোটিশে বিয়ের সঠিক তারিখ ১৩-০৭-২০০৭ দেওয়া থাকলেও তালাক প্রদানের তারিখ ১৬-০৫-২০০৭ তারিখ দেওয়া আছে, যা বিয়েরও তিন মাস আগের তারিখ। আমার কাছে আমার কাবিননামা রয়েছে। এ ক্ষেত্রে এই তালাক কি কার্যকর হয়েছে? নাম প্রকাশে অনিচ্ছুক","1. <labour_952_s216_p1> [বাংলাদেশ শ্রম আইন, ২০০৬, ধারা ২১৬] অপরাধ বিচার ছাড়া অন্য কোন বিষয়ে শ্রম আদালতের ক্ষমতা ওকার্যক্রম — বা আপত্তি পেশ করিতে ব্যর্থ হয়, তাহা হইলে মামলাটি একতরফা শুনানীক্রমে নিষ্পত্তি করা হইবে।(৬) কোন পক্ষের আবেদনক্
2. <other_788_s148_p1> [কোম্পানী আইন, ১৯৯৪, ধারা ১৪৮] বরাদ্দের ক্ষেত্রে বাধা-নিষেধ — এই আইনে ইহাকে ন্যুনতম চাঁদা হিসাবে উলেস্্নখ করা হইয়াছে।(৪) শেয়ারের আবেদনকারীগণের নিকট হইতে প্রাপ্ত সকল অর্থB
3. <consumer_1010_s104> [ট্রেডমার্ক আইন, ২০০৯, ধারা ১০৪] হাইকোর্ট বিভাগের কার্যধারায় নিবন্ধকের খরচ — এই আইনের অধীন হাইকোর্ট বিভাগের কার্যধারা পরিচালনায় নিবন্ধক কর্তৃক ব্যয়িত খরচ হাইকোর্ট বিভাগ নির্ধারণ করিতে প
4. <other_1246_s204> [ক্যান্টনমেন্ট আইন, ২০১৮, ধারা ২০৪] মামলার নোটিশ প্রদান — (১) কোনো ব্যক্তি বোর্ডের কোনো আদেশ দ্বারা সংক্ষুব্ধ হইয়া কোনো দেওয়ানি মামলা দায়ের করিতে চাহিলে, তিনি তামাদি
5. <other_788_s395> [কোম্পানী আইন, ১৯৯৪, ধারা ৩৯৫] সীমিতদায় কোম্পানীকে মামলার খরচের জন্য জামানত দেওয়ার নির্দেশদানের ক্তমতা — যেক্ষেত্রে কোন মামলা বা অন্য কোন আইনগত কার্যধারায় কোন সীমিতদায় কোম্পানী বাদী বা আবেদনকারী হয়, সেক্ষেত্রে যদ
6. <other_812_s69> [দেউলিয়া বিষয়ক আইন, ১৯৯৭, ধারা ৬৯] দেনাদারের নিকট ঋণী ব্যক্তিদের বিরুদ্ধে ব্যবস্থা গ্রহণ — (১) দেউলিয়া ঘোষণাদেশ প্রদত্ত হওয়ার পর যথাশীঘ্র সম্ভব, রিসিভার, দেউলিয়ার নিকট হইতে বা অন্য কোনভাবে প্রাপ্ত ত
7. <family_1444_s7> [পারিবারিক আদালত আইন, ২০২৩, ধারা ৭] সমন ও নোটিশ জারিকরণ — (১) পারিবারিক আদালতে আরজি দাখিল করিবার পর আদালত নিম্নরূপ উদ্যোগ গ্রহণ করিবে, যথা:-(ক) বিবাদীর উপস্থিতির জন্য স
8. <other_1266_s2_p3> [বাংলাদেশ মুক্তিযোদ্ধা কল্যাণ ট্রাস্ট আইন, ২০, ধারা ২] সংজ্ঞা — বা স্বামী এবং পিতা-মাতার অবর্তমানে খেতাবপ্রাপ্ত বীর মুক্তিযোদ্ধার সন্তান; বা(উ) (অ)-(ঈ) পর্যন্ত বর্ণিত ব্যক্তি
9. <labour_952_s160_p0> [বাংলাদেশ শ্রম আইন, ২০০৬, ধারা ১৬০] চিকিৎসা পরীক্ষা — (১) যে ক্ষেত্রে কোন শ্রমিক কোন দুর্ঘটনার নোটিশ প্রদান করেন সে ক্ষেত্রে মালিক নোটিশ জারীর তিন দিনের মধ্যে114[মা
10. <other_1652_s9_p1> [বাণিজ্যিক আদালত আইন, ২০২৬, ধারা ৯] দেওয়ানি কার্যবিধির প্রয়োগ ও কার্যধারা সম্পর্কিত বিশেষ বিধান — শর্ত থাকে যে, দেওয়ানি কার্যবিধিতে যাহা কিছুই থাকুক না কেন, মোকদ্দমা ব্যবস্থাপনা শুনানিতে কোনো পক্ষ অনুপস্থিত ","family_305_s7, other_1151_s8",own_search,answered,1,Sifat
prot_0077_04,Iftiaq,,"আমি ১৫ বছর আগে একটি নামকরা প্রতিষ্ঠানের মার্কেট থেকে একটি দোকান কিনি আমার নামে। দোকানের কাগজপত্র আমার কাছে আছে। আমার এক আত্মীয়কে দোকানটি দেখাশোনা করতে দিয়েছিলাম।তিনি তখন দোকান থেকে আমাকেও টাকা-পয়সা দিতেন। প্রতিষ্ঠানটি প্রতিটি দোকান থেকে মাসের শেষে কিছু টাকা ভাড়া নেয়। ছয় বছর আগে আবার প্রতিষ্ঠানের সঙ্গে দোকানের চুক্তি করার সময় আত্মীয়টা ওই প্রতিষ্ঠানের চেয়ারম্যানের কাছে একটি দরখাস্ত করেন, যেন তাঁর আর আমার নামে দোকানটির চুক্তি করা হয়। চেয়ারম্যানও তাঁর কথামতো দুজনের নামে দোকানটি একটি কাগজে চুক্তি করে দিয়েছেন। সেই কাগজটাও আমার কাছে আছে। এর কিছুদিন পর আমি চেয়ারম্যানের সঙ্গে যোগাযোগ করি। আমি বলেছি এখন নতুন করে আবার শুধু আমার নামে চুক্তি করে দেন। তিনি একজন প্রভাবশালী লোক, আমার কথা শুনছেন না। দুজনের নামে দুটি উকিল নোটিশও পাঠিয়েছি। কিন্তু কোনো জবাব দেননি। এর পর থেকে আমাকে আর কোনো টাকা-পয়সাও দিচ্ছেন না। এখন আমি দোকানটি বন্ধ করতেও পারছি না। লোকটিকে দোকান থেকে ওঠাতেও পারছি না। আমার ছেলেমেয়ে এখনো স্কুল-কলেজে পড়ে। আমি আমার ছেলেমেয়েদের নিয়ে খুবই কষ্টে আছি।ওই আত্মীয় ও চেয়ারম্যানের বিরুদ্ধে কী করতে পারব, দোকানটি কীভাবে উদ্ধার করব? নাম প্রকাশে অনিচ্ছুক","1. <labour_952_s114> [বাংলাদেশ শ্রম আইন, ২০০৬, ধারা ১১৪] দোকান, ইত্যাদি বন্ধ — (১) প্রত্যেক দোকান বা বাণিজ্য বা শিল্প প্রতিষ্ঠান প্রতি সপ্তাহে অন্ততঃ দেড় দিন সম্পূর্ণ বন্ধ থাকিবে।(২) কোন এ
2. <other_1152_s9> [ইনভেস্টমেন্ট কর্পোরেশন অব বাংলাদেশ আইন, ২০১৪, ধারা ৯] পরিচালকগণের যোগ্যতা ও অযোগ্যতা — (১) কোন ব্যক্তি পরিচালক হইবেন না বা পরিচালক থাকিবেন না, যিনি-(ক) বাংলাদেশের নাগরিক নহেন;(খ) এইরূপ কোন অপরাধের 
3. <consumer_1014_s38> [ভোক্তা অধিকার সংরক্ষণ আইন, ২০০৯, ধারা ৩৮] মূল্যের তালিকা প্রদর্শন না করিবার দণ্ড — কোন ব্যক্তি কোন আইন বা বিধি দ্বারা আরোপিত বাধ্যবাধকতা অমান্য করিয়া তাহার দোকান বা প্রতিষ্ঠানের সহজে দৃশ্যমান 
4. <consumer_1014_s39> [ভোক্তা অধিকার সংরক্ষণ আইন, ২০০৯, ধারা ৩৯] সেবার মূল্যের তালিকা সংরক্ষণ ও প্রদর্শন না করিবার দণ্ড — কোন ব্যক্তি আইন বা বিধি দ্বারা আরোপিত বাধ্যবাধকতা অমান্য করিয়া তাহার দোকান বা প্রতিষ্ঠানের সেবার মূল্যের তালি
5. <other_857_s6> [বাংলাদেশ টেলিযোগাযোগ নিয়ন্ত্রণ আইন, ২০০১, ধারা ৬] কমিশন প্রতিষ্ঠা, ইত্যাদি — (১) এই আইন প্রবর্তনের সংগে সংগে বাংলাদেশ টেলিযোগাযোগ নিয়ন্ত্রণ কমিশন নামে একটি কমিশন প্রতিষ্ঠিত হইবে।(২) কমিশ
6. <other_812_s84_p4> [দেউলিয়া বিষয়ক আইন, ১৯৯৭, ধারা ৮৪] দেনাদারের অপরাধ ও উহাদের দণ্ড — হিসাব প্রদানের অপচেষ্টা করেন; (ড) একজন দায়গ্রস্ত দেউলিয়া হওয়া সত্ত্বেও- (অ) তাহার দায়গ্রস্ত দেউলিয়া থাকার
7. <labour_952_s117> [বাংলাদেশ শ্রম আইন, ২০০৬, ধারা ১১৭] মজুরীসহ বাৎসরিক ছুটি — (১) কোন প্রতিষ্ঠানে অবিচ্ছিন্নভাবে এক বৎসর চাকুরী পূর্ণ করিয়াছেন এমন প্রত্যেক প্রাপ্ত বয়স্ক শ্রমিককে পরবর্তী
8. <other_788_s400> [কোম্পানী আইন, ১৯৯৪, ধারা ৪০০] ""লিমিটেড"" বা ""সীমিতদায়"" শব্দ অপপ্রয়োগের দণ্ড — যে প্রতিষ্ঠানের নাম বা শিরোনামের শেষ শব্দটি31[পাবলিক সীমিতদায় কোম্পানী বা PLC., বা সীমিতদায় বা LTD., বা এক ব
9. <other_882_s18> [এসিড নিয়ন্ত্রণ আইন, ২০০২, ধারা ১৮] এসিড বিক্রয়ের দোকান বা এসিড বহনকারী যান চলাচল সাময়িকভাবে বন্ধ ঘোষণা করার ক্ষমতা — সরকারের নিকট হইতে এতদুদ্দেশ্যে ক্ষমতাপ্রাপ্ত কর্মকর্তা যদি এই মর্মে সন্তুষ্ট হন যে, কোন এসিড বিক্রয়ের দোকান ব
10. <criminal_procedure_1276_s19> [মাদকদ্রব্য নিয়ন্ত্রণ আইন, ২০১৮, ধারা ১৯] মাদকদ্রব্যের দোকান অথবা পানশালা (Bar) সাময়িকভাবে বন্ধ ঘোষণা করিবার ক্ষমতা — (১) মহাপরিচালকের অনুমোদন ব্যতীত লাইসেন্স প্রাপ্ত কোনো মদের দোকান অথবা পানশালা বন্ধ করা যাইবে না:তবে শর্ত থাকে,","other_36_s8, other_36_s39, criminal_procedure_11_s406",own_search,answered,1,Sifat
prot_0069_04,Iftiaq,,"‘পাত্রী চাই’ বিজ্ঞাপনের মাধ্যমে মেয়েটির সঙ্গে আমার পরিচয়। একপর্যায়ে প্রেমের সম্পর্ক হয়ে যায় মুঠোফোনে। তার সঙ্গে দেখা করার জন্য দীর্ঘ পথ পাড়ি দিয়ে তার বাসার কাছে গেলেও সে নানা অজুহাতে দেখা করেনি। সম্পর্ক চলাকালে সে আমার কাছ থেকে একটি ল্যাপটপ, একটি মোবাইল ফোনসেট, দুই ভরি ওজনের সোনার হার এবং অন্যান্য উপহারসহ প্রায় দেড় লাখ টাকার মালামাল আদায় করে, যা কুরিয়ারের মাধ্যমে পাঠিয়ে দিই। বিয়ের দিনও ঠিক হয়ে যায়। কিন্তু গত দুই মাস ধরে তার সঙ্গে যোগাযোগ করতে পারছি না। ফোন করলে ধরে না। বুঝেছি, প্রতারণার শিকার হয়েছি। ইচ্ছে হয় প্রতিশোধ নিই। এখন কী করতে পারি?নাম প্রকাশে অনিচ্ছুকচট্টগ্রাম","1. <labour_952_s340> [বাংলাদেশ শ্রম আইন, ২০০৬, ধারা ৩৪০] নিয়োগ সম্পর্ক অনুমান — কোন ব্যক্তিকে কোন কারখানায় উহার কাজ চলাকালে, আহার বা বিশ্রামের জন্য বিরতির সময় ব্যতীত অন্য কোন সময়ে অথবা উহ
2. <women_children_835_s14> [নারী ও শিশু নির্যাতন দমন আইন, ২০০০, ধারা ১৪] সংবাদ মাধ্যমে 1 [নির্যাতনের শিকার] নারী ও শিশুর পরিচয় প্রকাশের ব্যাপারে বাধা-নিষেধ — (১) এই আইনে বর্ণিত অপরাধের শিকার হইয়াছেন এইরূপ নারী বা শিশুর ব্যাপারে সংঘটিত অপরাধ বা তত্সম্পর্কিত আইনগত কার্
3. <labour_952_s153> [বাংলাদেশ শ্রম আইন, ২০০৬, ধারা ১৫৩] পুনর্বিবেচনা — (১) এই অধ্যায়ের অধীন প্রদেয় কোন মাসিক ৰতিপূরণ, উহা পৰ- দ্বয়ের মধ্যে চুক্তির অধীন হউক অথবা শ্রম আদালতের আদেশ
4. <labour_1285_s76> [বাংলাদেশ ইপিজেড শ্রম আইন, ২০১৯, ধারা ৭৬] পুনর্বিবেচনা — এই অধ্যায়ের অধীন প্রদেয় কোনো মাসিক ক্ষতিপূরণ, উহা পক্ষদ্বয়ের মধ্যে চুক্তির অধীন হউক অথবা ইপিজেড শ্রম আদালতে
5. <other_1403_s27> [মোংলা বন্দর কর্তৃপক্ষ আইন, ২০২২, ধারা ২৭] পণ্য বিক্রয়ের মাধ্যমে অনাদায়ি টোল আদায় — (১) কর্তৃপক্ষের কোনো ভাড়া, টোল, রেইট, ফি, মাশুল বা অন্যান্য পাওনা বা পূর্বস্বত্ব (lien) অনাদায়ি থাকিলে এবং জ
6. <other_1404_s28> [চট্টগ্রাম বন্দর কর্তৃপক্ষ আইন, ২০২২, ধারা ২৮] পণ্য বিক্রয়ের মাধ্যমে অনাদায়ি টোল আদায় — (১) কর্তৃপক্ষের কোনো ভাড়া, টোল, রেইট, ফি, মাশুল, ক্ষতিপূরণ ও অন্যান্য পাওনা বা পূর্বস্বত্ব অনাদায়ি থাকিলে এব
7. <other_1717_s18ক_p2> [ব্যাংক রেজল্যুশন আইন, ২০২৬, ধারা ১৮ক] রেজল্যুশন কার্যক্রম হইতে শেয়ার, সম্পদ-দায়, পুনঃধারণ বা ধারণ — কার্যক্রম তদারকি করিবে এবং দুই বছর পর একটি বিশেষ কমিটি গঠনপূর্বক উল্লিখিত শর্ত এবং আইনী অন্যান্য বাধ্যবাধকতা প
8. <consumer_1452_s2_p4> [কপিরাইট আইন, ২০২৩, ধারা ২] সংজ্ঞা — প্রযুক্তি-ভিত্তিক ডিজিটাল কর্ম” অর্থ কোনো সুনির্দিষ্ট ফলাফল পাইবার উদ্দেশ্যে তথ্য ও উপাত্ত প্রক্রিয়াকরণ করিয়
9. <criminal_procedure_1239_s74> [রংপুর মহানগরী পুলিশ আইন, ২০১৮, ধারা ৭৪] অননুমোদিত স্থানে পশু জবাই বা পশুর মৃতদেহ পরিষ্কার করিবার দণ্ড — কোনো ব্যক্তি পুলিশ কমিশনার কর্তৃক নির্ধারিত স্থান ব্যতিরেকে অন্য কোনো স্থানে বা রাস্তায় বা প্রকাশ্য স্থানে বা
10. <criminal_procedure_1238_s74> [গাজীপুর মহানগরী পুলিশ আইন, ২০১৮, ধারা ৭৪] অননুমোদিত স্থানে পশু জবাই বা পশুর মৃতদেহ পরিষ্কার করিবার দণ্ড — কোনো ব্যক্তি পুলিশ কমিশনার কর্তৃক নির্ধারিত স্থান ব্যতিরেকে অন্য কোনো স্থানে বা রাস্তায় বা প্রকাশ্য স্থানে বা",criminal_procedure_11_s420,own_search,answered,2,Sifat
prot_0109_03,Iftiaq,,চুরির অভিযোগে মিথ্যা মামলা করা হয়ে থাকলে আদালতেই তা প্রমাণ করতে হবে। তবে মিথ্যা মামলার অভিযোগে দণ্ডবিধি আইন অনুযায়ী প্রতিকার চাইতে পারেন। মেয়েটির স্বামী প্রথম স্ত্রীর অনুমতি না নিয়ে দ্বিতীয় বিয়ে করলে ১৯৬১ সালের মুসলিম পারিবারিক আইন অনুযায়ী মামলা করার সুযোগ আছে। এ আইন অনুযায়ী শাস্তিরও বিধান আছে।প্রাপ্য দাবি আদায়ে কী পদক্ষেপ নিতে পারি?,"1. <labour_952_s316> [বাংলাদেশ শ্রম আইন, ২০০৬, ধারা ৩১৬] মামলা প্রত্যাহার — যে ব্যক্তির অভিযোগে এই আইন বা কোন বিধি, প্রবিধান বা স্কীমের অধীন কোন মামলা শুরু হইয়াছে সে ব্যক্তির দরখাস্ত ব্
2. <other_1271_s24> [সরকারি চাকরি আইন, ২০১৮, ধারা ২৪] আইনি সহায়তা — (১) কোনো কর্মচারীর বিরুদ্ধে, সরকারি দায়িত্ব পালনের সহিত সম্পর্কিত কোনো বিষয়ে তাহাকে ব্যক্তিগতভাবে দায়ী করিয
3. <family_1444_s26> [পারিবারিক আদালত আইন, ২০২৩, ধারা ২৬] মুসলিম পারিবারিক আইনের বিধানকে প্রভাবিত না করা — (১) এই আইনের কোনো কিছুই মুসলিম পরিবারিক আইন অথবা তদধীন প্রণীত বিধিমালার কোনো বিধানকে প্রভাবিত করিবে না।(২) যেক
4. <other_1246_s204> [ক্যান্টনমেন্ট আইন, ২০১৮, ধারা ২০৪] মামলার নোটিশ প্রদান — (১) কোনো ব্যক্তি বোর্ডের কোনো আদেশ দ্বারা সংক্ষুব্ধ হইয়া কোনো দেওয়ানি মামলা দায়ের করিতে চাহিলে, তিনি তামাদি
5. <other_1715_s43> [বন্যপ্রাণী (সংরক্ষণ ও নিরাপত্তা) আইন, ২০২৬, ধারা ৪৩] মিথ্যা বা হয়রানিমূলক মামলা দায়ের — এই আইনের অধীন ক্ষমতাপ্রাপ্ত কোনো কর্মকর্তা এই আইনের বিধান লঙ্ঘন করিয়া মিথ্যা বা হয়রানিমূলক মামলা দায়ের করিত
6. <other_1061_s22> [পরিবেশ আদালত আইন, ২০১০, ধারা ২২] বিচারাধীন মামলা — এই আইন প্রবর্তনের অব্যবহিত পূর্বে কোন পরিবেশ আইনের অধীন কোন মামলা কোন আদালতে বিচারাধীন থাকিলে উহা উক্ত আদালতেই
7. <other_1103_s44> [দুর্যোগ ব্যবস্থাপনা আইন, ২০১২, ধারা ৪৪] সরকারি কর্মকর্তা ও কর্মচারী কর্তৃক দায়িত্ব পালনে ব্যর্থতা — (১) কোন সরকারি কর্মচারী এই আইন ও তদধীন প্রণীত বিধির অধীন কোন দায়িত্ব পালনে ব্যর্থ হইলে বা কোন বিধান লংঘন করিল
8. <other_1586_s15> [গুম প্রতিরোধ ও প্রতিকার অধ্যাদেশ, ২০২৫, ধারা ১৫] মিথ্যা মামলার বিরুদ্ধে ব্যবস্থা — এই আইনের অধীন কোনো অপরাধের বিচার সম্পন্ন হওয়ার পর রায় প্রদানকালে যদি ট্রাইব্যুনালের নিকট সন্তোষজনকভাবে প্রমা
9. <family_1444_s2> [পারিবারিক আদালত আইন, ২০২৩, ধারা ২] সংজ্ঞা — (১) বিষয় বা প্রসঙ্গের পরপিন্থি কোনো কিছু না থাকিলে, এই আইন,-(ক) “ইমেইল” অর্থ ইলেক্ট্রনিক, ডিজিটাল বা অন্য কোন
10. <other_1684_s25> [মানব পাচার ও অভিবাসী চোরাচালান প্রতিরোধ ও দম, ধারা ২৫] মিথ্যা মামলা বা মিথ্যা অভিযোগ দায়ের, ইত্যাদি অপরাধ ও উহার দণ্ড — (১) যদি কোনো ব্যক্তি অন্য কোনো ব্যক্তির ক্ষতিসাধন করিবার উদ্দেশ্যে এই আইনের অধীন মিথ্যা বা হয়রানিমূলক মামলা ব",unanswerable,none,unanswerable,2,Sifat
prot_0135_02,Iftiaq,,"এক ভাই ও চার বোন রেখে আমার মা মারা যান। আমার বাবা জীবিত আছেন। বাবা আরেকটি বিয়ে করেছেন। ওই পক্ষে দুই ভাই ও এক বোন আছে। প্রশ্ন হচ্ছে, আমার মায়ের সম্পত্তির ভাগ আমরা পাব কি না। আমার সৎভাইবোন আমার মায়ের সম্পত্তি পাবে কি?","1. <other_1682_s2_p0> [মানবদেহে অঙ্গ-প্রত্যঙ্গ সংযোজন আইন, ২০২৬, ধারা ২] সংজ্ঞা — বিষয় বা প্রসঙ্গের পরিপন্থি কোনো কিছু না থাকিলে, এই আইনে- (১) “অঙ্গ-প্রত্যঙ্গ” অর্থ মানবদেহের কিডনি, হৃৎপিণ্ড,
2. <other_1148_s2> [বাংলাদেশ সাংবাদিক কল্যাণ ট্রাস্ট আইন, ২০১৪, ধারা ২] সংজ্ঞা — বিষয় বা প্রসঙ্গের পরিপন্থী কোন কিছু না থাকিলে, এই আইনে-(১) ‘‘চেয়ারম্যান’’ অর্থ বোর্ডের চেয়ারম্যান;(২) ‘‘ট্র
3. <other_1266_s2_p3> [বাংলাদেশ মুক্তিযোদ্ধা কল্যাণ ট্রাস্ট আইন, ২০, ধারা ২] সংজ্ঞা — বা স্বামী এবং পিতা-মাতার অবর্তমানে খেতাবপ্রাপ্ত বীর মুক্তিযোদ্ধার সন্তান; বা(উ) (অ)-(ঈ) পর্যন্ত বর্ণিত ব্যক্তি
4. <other_1349_s2> [আকাশপথে পরিবহণ (মন্ট্রিল কনভেনশন) আইন, ২০২০, ধারা ২] বিষয়বাপ্রসঙ্গেরপরিপন্থিকোনোকিছুনাথাকিলে,এইআইনে-(ক)‘অভ্যন্তরীণপরিবহণ’অর্থআকাশপথে পরিবহণেপক্ষসমূহেরমধ্যেসম্পাদি
5. <other_893_s7> [শিশু-মাতৃ স্বাস্থ্য ইনস্‌টিটিউট আইন, ২০০২, ধারা ৭] ইনস্‌টিটিউটের দায়িত্ব ও কার্যাবলী — ইনস্টিটিউটের দায়িত্ব ও কার্যাবলী হইবে নিম্নরূপ, যথা:-(১) শিশু ও মায়ের স্বাস্থ্য ও পুষ্টি বিষয়ে শিক্ষা, প্রশ
6. <other_1718_s83> [অর্থ (২০২৫-২০২৬ অর্থ বৎসর) আইন, ২০২৬, ধারা ৮৩] ২০২৩ সনের ১২ নং আইনের ধারা ১৩৫ এর সংশোধন — উক্ত আইনের ধারা ১৩৫ এর- (ক) উপ-ধারা (১) এ উল্লিখিত “১০% (দশ শতাংশ)” সংখ্যা, চিহ্ন, বন্ধনী ও শব্দগুলির পরিবর্তে
7. <other_1378_s2> [বাংলাদেশ চলচ্চিত্র শিল্পী কল্যাণ ট্রাস্ট আইন, ধারা ২] সংজ্ঞা — বিষয় বা প্রসঙ্গের পরিপন্থি কোনো কিছু না থাকিলে, এই আইনে-(ক) “চলচ্চিত্র” অর্থ সেলুলয়েড, অ্যানালগ, ডিজিটাল বা 
8. <other_1485_s2> [বাংলাদেশ পুলিশ কল্যাণ তহবিল আইন, ২০২৩, ধারা ২] সংজ্ঞা — বিষয় বা প্রসঙ্গের পরিপন্থি কোনো কিছু না থাকিলে, এই আইনে,-(১) ""কর্মচারী"" অর্থ-(ক) পুলিশ ইন্সপেক্টরের নিম্ন পদম
9. <other_1138_s2> [গ্রামীণ ব্যাংক আইন, ২০১৩, ধারা ২] সংজ্ঞা — বিষয় বা প্রসংগের পরিপন্থি কোন কিছু না থাকিলে, এই আইনে,-1[(১) “ঋণ” অর্থ এইরূপ কোনো ব্যক্তির পক্ষে ব্যাংক কর্তৃ
10. <other_943_s2> [বাংলাদেশ শ্রমিক কল্যাণ ফাউন্ডেশন আইন, ২০০৬, ধারা ২] সংজ্ঞা — বিষয় বা প্রসঙ্গের পরিপন্থী কিছু না থাকিলে, এই আইনে-(ক) “অপ্রাতিষ্ঠানিক খাত” অর্থ এইরূপ বেসরকারী খাত যেখানে কর",other_173_s2,own_search,answered,2,Sifat
